,StartDate,EndDate,Status,Progress,Duration__in_seconds_,Finished,RecordedDate,Q5,Q7,Q9,Q11,Q13,Q167,Q149_First_Click,Q149_Last_Click,Q149_Page_Submit,Q149_Click_Count,Q153_First_Click,Q153_Last_Click,Q153_Page_Submit,Q153_Click_Count,Q228_First_Click,Q228_Last_Click,Q228_Page_Submit,Q228_Click_Count,Q17,Q18,Q22_First_Click,Q22_Last_Click,Q22_Page_Submit,Q22_Click_Count,Q279,Q280,Q232,Q236,Q211,Q215,Q28,Q29,Q42_First_Click,Q42_Last_Click,Q42_Page_Submit,Q42_Click_Count,Q244,Q201,Q205,Q224,QID86,QID87,Q36_First_Click,Q36_Last_Click,Q36_Page_Submit,Q36_Click_Count,Q250,Q252,Q187,Q189,Q32,Q33,Q256,Q184,Q185,Q260,Q262,Q261,Q263,Q264,Q261.0,Q262.0,Q264.0,Q266,Q265,Q270,Q267,Q271,Q269,Q268,Q265.0,Q266.0,QID114,QID115,QID113,FL_174_DO_PencilsAgree,FL_174_DO_PencilsDisagree,FL_181_DO_ChalkAgree,FL_181_DO_ChalkDisagree,FL_182_DO_PAgree,FL_182_DO_PDisagree,FL_183_DO_CinderAgree,FL_183_DO_CinderDisagree,FL_201_DO_Circagree,FL_201_DO_Circdisagree,FL_200_DO_TableAgree,FL_200_DO_Tabledisagree,ID
0,9/7/2020 9:06:31,9/7/2020 9:15:03,0,100,511,1,9/7/2020 9:15:04,1,2,36,Our,5981949004619b00011a8373,1,0.0,0.0,2.014,0,0.0,0.0,12.014,0,0.0,0.0,12.012,0,1,6,0.0,0.0,20.146,0,1, ,1,3,1,6,1,5,0.0,0.0,7.013,0,1,1,5,3,1,5,0.0,0.0,4.015,0,3,1,1,5,1,5,23,1,5,1,5,9 months,365,30,1,5,2,5,9,1,30,1,28,1,2,5,4,4,4,1, ,1, ,1, ,1, ,1, , ,1,1
1,9/7/2020 9:23:17,9/7/2020 9:35:06,0,100,708,1,9/7/2020 9:35:06,1,2,23,our,5d62772d6512d700019fafcb,1,0.0,0.0,2.108,0,0.012,4.546,12.078,4,3.286,3.286,13.981,1,1,9,0.0,0.0,21.186,0, ,1,1,3,1,9,1,8,0.0,0.0,8.211,0,1,1,10,3,2,7,0.0,0.0,4.009,0,3,1,2,8,2,8,5,2,8,1,8,67,689 days,26,2,6,1,9,8,2,23,2,365,1,1,8,6,5,5, ,1,1, ,1, ,1, , ,1, ,1,2
2,9/7/2020 9:38:15,9/7/2020 9:47:53,0,100,577,1,9/7/2020 9:47:53,1,2,40,our,5d4847e13226ad0019412c56,1,0.0,0.0,2.116,0,0.0,0.0,12.006,0,5.8,5.8,12.114,1,2,10,0.0,0.0,20.249,0, ,1,1,3,2,10,2,10,0.0,0.0,7.011,0,1,2,10,3,1,10,0.0,0.0,4.116,0,3,2,1,10,2,10,23,2,10,2,10,6 months,5 years,25,2,10,1,10,9,1,50,1,365,1,1,10,4,1,1, ,1, ,1,1, ,1, , ,1, ,1,3
3,9/7/2020 9:47:01,9/7/2020 9:54:10,0,100,428,1,9/7/2020 9:54:11,1,2,29,Our,5c9936b086316700011191ba,1,0.0,0.0,2.111,0,0.0,0.0,12.012,0,1.673,2.881,12.012,2,2,9,0.0,0.0,20.236,0,2, ,1,3,2,9,2,9,0.0,0.0,7.109,0,1,2,10,3,2,9,0.0,0.0,4.011,0,3,1,2,10,2,10,27,2,10,1,9,10 months,657,39,1,9,2,10,9,2,45,2,365,2,2,9,4,4,4,1, , ,1,1, , ,1, ,1, ,1,4
4,9/7/2020 9:50:25,9/7/2020 10:01:23,0,100,657,1,9/7/2020 10:01:24,1,2,69,Our,5c605cb1b7ce2100011fb54d,1,0.0,0.0,2.011,0,3.18,3.18,12.008,1,0.0,0.0,12.108,0,1,10,0.0,0.0,20.037,0,1, ,1,3,1,10,1,10,0.0,0.0,7.008,0,1,1,8,3,1,6,0.0,0.0,4.108,0,3,2,1,7,1,8,15,1,8,1,9,12months,20,5,1,7,1,8, ,1,14,1,24,1,1,8,6,6,6,1, , ,1, ,1,1, , ,1, ,1,5
5,9/7/2020 10:04:40,9/7/2020 10:11:40,0,100,420,1,9/7/2020 10:11:41,1,1,48,our,5eb523433e548401c41d9434,1,0.0,0.0,2.011,0,0.0,0.0,12.009,0,0.0,0.0,12.011,0,2,8,0.0,0.0,20.032,0,2, ,1,3,2,8,2,8,0.0,0.0,7.008,0,1,2,8,3,1,9,0.0,0.0,4.109,0,3,1,1,9,2,7,25,2,7,2,8,1 year,6,40,2,8,1,7,9,1,52,1,1,1,1,7,5,6,5,1, , ,1,1, ,1, , ,1, ,1,6
6,9/7/2020 9:57:04,9/7/2020 10:26:16,0,100,1751,1,9/7/2020 10:26:16,1,1,18,our,5f1319558f68102e4da8da1c,1,0.482,0.482,2.01,1,1.26,2.437,3.167,2,1.403,5.094,12.013,2,1,3,0.0,0.0,21.258,0,1, ,1,3,1,4,2,2,0.0,0.0,7.01,0,1,2,4,3,1,6,0.0,0.0,4.109,0,1,2,1,4,2,4,24,1,2,1,7,18 months,400,36,1,2,1,6,9,1,50,1,365,1,1,5,3,5,4,1, ,1, ,1, , ,1,1, , ,1,7
7,9/7/2020 10:14:12,9/7/2020 10:33:23,0,100,1150,1,9/7/2020 10:33:25,1,1,24,our,5e88aca54d409952f6b613db,1,0.0,0.0,2.005,0,0.0,0.0,12.005,0,0.0,0.0,12.005,0,1,7,0.0,0.0,21.944,0, ,2,1,3,1,7,1,6,0.0,0.0,7.005,0,1,1,6,3,2,9,0.0,0.0,4.005,0,3,1,2,9,2,7,8,1,7,1,5,200,25,33,1,6,2,8,7,1,50,2,25,1,1,7,5,5,6, ,1, ,1, ,1,1, ,1, ,1, ,8
8,9/7/2020 10:20:55,9/7/2020 10:46:24,0,100,1528,1,9/7/2020 10:46:24,1,2,59,our,584844e4f8cfb900012642f4,1,0.0,0.0,2.107,0,0.0,0.0,12.007,0,0.0,0.0,12.008,0,1,7,0.0,0.0,20.028,0, ,2,1,3,2,9,1,8,0.0,0.0,7.006,0,1,2,8,3,1,7,0.0,0.0,4.007,0,3,2,2,6,2,7,21,1,9,1,8,21,100,21,1,7,1,8,9,1,51, ,1,1,1,9,5,5,5, ,1, ,1,1, ,1, , ,1,1, ,9
9,9/9/2020 7:10:51,9/9/2020 7:17:23,0,100,392,1,9/9/2020 7:17:24,1,2,29,Our,5d4c6f2a8ff958000133a8a9,1,0.0,0.0,2.012,0,0.0,0.0,12.01,0,0.0,0.0,12.11,0,2,8,0.0,0.0,20.136,0, ,1,1,3,2,8,1,5,0.0,0.0,7.011,0,1,2,8,3,2,8,0.0,0.0,4.01,0,3,1,2,8,2,10,9,1,8,1,6,12months5,5,48,1,9,2,9,9,1,52,1,5,1,1,10,4,4,4, ,1, ,1, ,1,1, , ,1,1, ,13
10,9/9/2020 7:15:01,9/9/2020 7:25:04,0,100,602,1,9/9/2020 7:25:04,1,2,32,Our,5d2e1b0143253e0017b14858,1,0.0,0.0,2.149,0,1.79,1.79,12.149,1,3.944,3.944,12.15,1,2,8,0.0,0.0,20.38,0,2, ,1,3,2,8,2,8,0.0,0.0,7.039,0,1,2,8,3,2,8,0.0,0.0,4.049,0,3,2,2,8,2,8,25,2,8,2,8,3 months,465 days,50,2,8,2,8,9,1,52,1,365,1,2,8,4,2,4,1, , ,1,1, ,1, , ,1, ,1,14
11,9/9/2020 7:04:36,9/9/2020 7:26:19,0,100,1303,1,9/9/2020 7:26:20,1,1,45,all time happy naw,5d45bc6dde2d3a00167079db,1,0.0,0.0,2.119,0,0.0,0.0,12.122,0,0.0,0.0,12.128,0,1,8,0.0,0.0,20.254,0, ,1,1,3,1,9,1,9,0.0,0.0,7.014,0,1,1,9,3,1,9,0.0,0.0,4.111,0,3,1,1,9,1,9,10,1,9,1,10,660 days,687 days,"‎17,069,453",1,9,2,1,280,2,50,1,687,1,1,9,6,5,5, ,1, ,1, ,1, ,1, ,1,1, ,15
12,9/9/2020 7:19:01,9/9/2020 7:26:56,0,100,475,1,9/9/2020 7:26:57,1,1,29,our,5b2387f1a8090c0001e61c78,1,0.0,0.0,2.106,0,0.0,0.0,12.006,0,0.0,0.0,12.106,0,2,9,0.0,0.0,20.322,0, ,1,1,3,2,9,2,9,0.0,0.0,7.106,0,1,2,9,3,2,6,0.0,0.0,4.005,0,3,2,2,7,2,6,26,2,8,1,4,21 months,650,30,1,6,2,8,9,1,50,1,365,2,2,7,6,5,5, ,1, ,1, ,1,1, ,1, ,1, ,16
13,9/9/2020 7:18:05,9/9/2020 7:27:36,0,100,571,1,9/9/2020 7:27:36,1,1,48,Our,5c1a32c91f191b0001ebe392,1,0.0,0.0,2.121,0,0.0,0.0,12.013,0,0.0,0.0,12.014,0,1,7,0.0,0.0,20.055,0, ,2,1,3,1,7,1,5,0.0,0.0,7.12,0,1,1,5,3,2,5,0.0,0.0,4.017,0,3,2,2,5,1,5,21,1,5,1,9,2 years,265,49,1,9,2,5,9,2,50,2,365,2,2,9,5,5,4, ,1, ,1,1, , ,1,1, , ,1,17
14,9/9/2020 7:02:44,9/9/2020 7:29:17,0,100,1593,1,9/9/2020 7:29:17,1,1,65,our,903022,1,0.0,0.0,2.007,0,0.0,0.0,12.008,0,0.0,0.0,12.007,0,2,9,0.0,0.0,20.129,0,1, ,1,3,2,8,2,8,0.0,0.0,7.008,0,1,2,8,3,2,9,0.0,0.0,4.007,0,3,2,2,8,2,8,8,2,8,1,8,18,5,21,1,8,2,8, ,1,52,1,5,2,2,8,5,4,4,1, ,1, ,1, ,1, , ,1,1, ,18
15,9/9/2020 7:28:52,9/9/2020 7:48:12,0,100,1159,1,9/9/2020 7:48:12,1,2,54,our,5f26178c9e04df2537521507,1,0.0,0.0,2.317,0,0.0,0.0,12.023,0,0.0,0.0,12.153,0,2,10,0.0,0.0,20.411,0, ,2,1,3,2,10,2,10,0.0,0.0,7.015,0,1,2,10,3,2,10,0.0,0.0,4.01,0,3,2,2,10,1,10,34,1,10,2,10,9 months,12 months,13 states,2,10,2,10,9,1,50,1,365,1,2,10,1,1,1, ,1, ,1,1, , ,1, ,1, ,1,20
16,9/9/2020 7:09:18,9/9/2020 7:51:38,0,100,2540,1,9/9/2020 7:51:38,1,2,22,our,5e7891ac861efe000a3b2986,1,1.095,1.095,2.009,1,0.0,0.0,12.008,0,2.239,2.239,12.009,1,2,5,5.119,5.119,20.241,1,2, ,1,3,2,5,2,10,0.0,0.0,7.111,0,1,2,10,3,2,5,0.0,0.0,4.01,0,3,1,2,10,2,1,34,2,1,2,1,1 year,365,25,2,1,2,7,9,1,50,2,365,1,2,6,2,2,2,1, , ,1,1, ,1, ,1, , ,1,21
17,9/9/2020 7:43:23,9/9/2020 7:53:53,0,100,630,1,9/9/2020 7:53:53,1,2,19,Our,5c7eb1900ce9a10016fb5eda,1,0.0,0.0,2.01,0,10.624,10.624,11.97,1,9.711,10.628,12.009,2,1,5,0.0,0.0,20.132,0, ,2,1,3,1,5,1,5,0.0,0.0,7.009,0,1,1,5,3,1,5,0.0,0.0,4.009,0,3,2,1,5,1,5,24,1,5,1,5,12 weeks,1,5,1,5,1,5,9,2,42,2,1,1,1,5,4,1,4, ,1,1, ,1, , ,1, ,1, ,1,22
18,9/9/2020 7:45:07,9/9/2020 7:59:41,0,100,873,1,9/9/2020 7:59:41,1,1,43,Our,5a70c9ee82968f0001a6b309,1,0.0,0.0,2.02,0,1.954,3.753,12.013,2,10.35,10.35,12.031,1,2,10,0.0,0.0,20.18,0,1, ,1,3,2,10,2,8,0.0,0.0,7.013,0,1,2,8,3,1,7,0.0,0.0,4.129,0,3,2,1,7,1,7,16,1,7,2,8,6,1200,43,2,7,1,7,5,1,50,2,1200,2,1,6,6,7,6,1, ,1, ,1, ,1, , ,1, ,1,23
19,9/9/2020 7:50:35,9/9/2020 8:00:09,0,100,574,1,9/9/2020 8:00:09,1,1,20,Our,5c2cec0af98b890001b9776b,1,0.0,0.0,2.012,0,6.328,6.328,12.011,1,3.199,3.199,12.014,1,2,9,0.0,0.0,20.044,0,2, ,1,3,2,10,2,10,0.0,0.0,7.013,0,1,2,10,3,1,4,0.0,0.0,4.013,0,3,1,1,6,2,4,7,2,8,1,4,90 days,300 days,19,1,5,2,10,9,1,51,2,365,1,2,10,5,5,5,1, ,1, , ,1, ,1,1, ,1, ,24
20,9/9/2020 7:53:52,9/9/2020 8:01:01,0,100,428,1,9/9/2020 8:01:01,1,2,21,our,5e5c164026ea073edde51d8e,1,0.0,0.0,2.008,0,0.0,0.0,12.915,0,0.0,0.0,13.438,0,1,5,0.0,0.0,21.962,0, ,2,1,3,1,5,1,6,0.0,0.0,7.009,0,1,1,7,3,1,5,0.0,0.0,4.111,0,3,2,1,7,2,8,26,2,6,2,7,10,70,21,2,6,2,8,9,2,50,2,70,1,2,7,5,4,5, ,1,1, ,1, ,1, , ,1, ,1,25
21,9/9/2020 7:46:41,9/9/2020 8:08:09,0,100,1287,1,9/9/2020 8:08:11,1,1,41, our,5f1b11833eb3380766ab6279,1,0.0,0.0,2.131,0,8.359,11.843,12.036,2,0.0,0.0,12.017,0,1,10,5.036,5.036,20.341,1, ,1,1,3,1,10,1,10,0.0,0.0,7.148,0,1,1,10,3,1,10,0.0,0.0,4.015,0,3,1,1,10,1,10,16,1,10,1,10,very positive,687,10,1,10,1,10,280,1,52,2,365,2,1,10,7,7,6, ,1, ,1,1, ,1, , ,1,1, ,26
22,9/9/2020 8:12:09,9/9/2020 8:20:45,0,100,515,1,9/9/2020 8:20:46,1,1,45,Our,5e02154f5cc380dcf17595dd,1,0.0,0.0,2.014,0,0.0,0.0,12.014,0,0.0,0.0,12.121,0,1,2,0.0,0.0,20.253,0, ,2,1,3,1,7,1,5,0.0,0.0,7.114,0,1,1,5,3,2,5,0.0,0.0,4.019,0,3,2,1,5,2,5,7,2,5,1,5,8 months,2,50,1,5,2,5,9,1,50,1,2,2,1,5,4,4,4, ,1, ,1,1, , ,1, ,1,1, ,27
23,9/9/2020 8:12:17,9/9/2020 8:29:24,0,100,1026,1,9/9/2020 8:29:24,1,1,40,our,5f0ecf14f6f08823f356fa8c,1,0.0,0.0,2.035,0,0.0,0.0,12.021,0,0.0,0.0,12.121,0,1,9,0.0,0.0,20.389,0,1, ,1,3,1,9,1,10,0.0,0.0,7.024,0,1,1,9,3,1,9,0.0,0.0,4.105,0,3,1,1,9,1,9,26,1,9,1,10,22 months,687 days,26,1,9,1,10,10,1,387,1,365,1,1,10,6,7,6,1, ,1, ,1, , ,1,1, , ,1,28
24,9/9/2020 8:23:54,9/9/2020 8:32:49,0,100,535,1,9/9/2020 8:32:49,1,2,24,Our,5cc34bcbd94a0300018bd2bc,1,0.0,0.0,2.011,0,8.632,11.136,12.01,2,0.959,11.763,12.112,6,2,10,0.0,0.0,20.136,0, ,1,1,3,2,10,1,8,0.0,0.0,7.01,0,1,1,8,3,1,10,0.0,0.0,4.009,0,3,2,1,10,2,10,48,2,10,1,10,18,160,5,1,10,2,10,9,2,8,2,160,1,2,10,7,6,5, ,1,1, ,1, , ,1, ,1,1, ,29
25,9/9/2020 8:12:58,9/9/2020 8:35:07,0,100,1329,1,9/9/2020 8:35:08,1,1,32,our,5bc5ccc5a850570001c58944,1,0.0,0.0,2.125,0,0.0,0.0,12.015,0,0.0,0.0,12.008,0,2,2,0.0,0.0,20.199,0,1, ,1,3,2,2,2,2,0.0,0.0,7.122,0,1,2,2,3,2,3,0.0,0.0,4.267,0,3,1,2,3,2,3,11,1,8,1,8,12,687,10,1,8,1,8,10,1,50,1,687,1,1,8,6,6,6,1, ,1, ,1, , ,1, ,1,1, ,30
26,9/9/2020 8:27:35,9/9/2020 8:41:09,0,100,813,1,9/9/2020 8:41:09,1,2,41,Our,5c2dd8119d0ac30001ecdcf0,1,0.517,0.813,2.026,2,1.178,10.529,12.009,6,2.136,6.673,12.008,3,1,7,15.74,15.74,20.138,1,1, ,1,3,1,7,1,7,0.0,0.0,7.01,0,1,1,7,3,2,7,0.0,0.0,4.109,0,1,2,2,7,2,7,21,2,7,1,7,9 months, ,48,1,7,2,7,9,1,48,1,365,1,1,8,5,5,5,1, , ,1, ,1,1, , ,1, ,1,31
27,9/9/2020 8:27:27,9/9/2020 8:45:16,0,100,1069,1,9/9/2020 8:45:17,1,1,30,our,5dd7e934929d5d786319ee89,1,0.0,0.0,2.113,0,0.0,0.0,12.01,0,0.0,0.0,12.109,0,2,3,0.0,0.0,21.36,0,2, ,1,3,2,9,2,8,0.0,0.0,7.099,0,1,2,8,3,1,8,0.0,0.0,4.198,0,3,2,1,8,1,7,23,2,8,2,7,22,243,18,1,8,1,10,9,1,50,1,243,1,1,9,5,5,5,1, ,1, , ,1,1, ,1, ,1, ,32
28,9/9/2020 8:36:11,9/9/2020 8:47:18,0,100,667,1,9/9/2020 8:47:18,1,2,23,our,5c7c9737c75a3a0016e54f69,1,0.0,0.0,2.02,0,0.0,0.0,11.644,0,0.0,0.0,12.121,0,2,6,0.0,0.0,20.166,0, ,1,1,3,2,7,2,5,0.0,0.0,7.017,0,1,2,5,3,1,7,0.0,0.0,4.12,0,3,1,1,6,1,5,26,1,6,2,4,5  months,357,14,2,6,1,6,9,2,12,2,364,2,1,5,4,5,6, ,1,1, ,1, , ,1, ,1, ,1,33
29,9/9/2020 8:40:02,9/9/2020 8:49:08,0,100,546,1,9/9/2020 8:49:08,1,2,50,Our,5e2bb32c61f16720117d64fe,1,0.0,0.0,2.016,0,0.0,0.0,12.111,0,6.45,6.45,9.551,1,1,10,0.0,0.0,20.239,0, ,2,1,3,1,10,2,10,0.0,0.0,7.009,0,1,2,10,3,1,10,0.0,0.0,4.01,0,3,2,1,10,1,10,37,1,10,1,10,Idk,Idk,Idk 0,1,10,2,1,0, ,50,2,1,2,1,1,1,1,1, ,1,1, , ,1, ,1,1, ,1, ,34
30,9/9/2020 9:49:33,9/9/2020 10:15:31,0,100,1558,1,9/9/2020 10:15:31,1,1,29,Our,5d80fe96b3e91e0016736508,1,0.0,0.0,2.009,0,8.575,9.101,12.009,2,0.0,0.0,12.109,0,1,4,0.0,0.0,20.14,0, ,2,1,3,2,2,1,6,0.0,0.0,7.008,0,1,1,8,3,2,1,0.0,0.0,4.108,0,3,1,2,5,2,4,36,2,2,1,7,I don’t know,687,26,1,9,2,1,24,2,50,2,687,1,1,7,5,4,6, ,1,1, ,1, , ,1,1, ,1, ,35
31,9/9/2020 9:47:42,9/9/2020 10:20:14,0,100,1952,1,9/9/2020 10:20:16,1,1,60,our,5ded3759d0070b000bcb1374,1,0.0,0.0,2.008,0,0.0,0.0,12.007,0,0.0,0.0,12.007,0,1,10,0.0,0.0,20.13,0, ,2,1,3,1,10,1,10,5.825,5.825,7.009,1,1,1,10,3,2,10,0.0,0.0,4.009,0, ,2,2,10,2,10,18,2,10,1,10,8 months,486,13,1,10,2,10,9,2,50,2,365,2,2,10,6,2,4, ,1, ,1, ,1,1, ,1, , ,1,36
32,9/9/2020 11:03:36,9/9/2020 11:08:47,0,100,311,1,9/9/2020 11:08:48,1,2,25,our,5e87d31d28aacd45a917b0e3,1,0.0,0.0,2.107,0,0.0,0.0,12.106,0,0.0,0.0,12.073,0,1,8,0.0,0.0,22.805,0,1, ,1,3,1,8,1,9,0.0,0.0,8.128,0,1,1,8,3,1,10,0.0,0.0,6.024,0,3,2,2,9,1,8,11,1,10,1,8,20,10,22,1,8,1,7,2,1,22,1,29,1,1,8,5,3,7,1, , ,1, ,1,1, ,1, , ,1,37
33,9/9/2020 12:15:25,9/9/2020 12:34:42,0,100,1157,1,9/9/2020 12:34:42,1,1,54,our,58074c957c10950001e6c81a,1,0.0,0.0,2.109,0,0.0,0.0,12.006,0,0.0,0.0,12.015,0,1,6,0.0,0.0,20.143,0,1, ,1,3,1,6,1,5,0.0,0.0,7.012,0,1,2,5,3,2,7,0.0,0.0,4.114,0,3,1,2,7,1,8,26,1,8,1,7,650,600,20,1,8,2,8,9,2,50,2,365,1,2,6,4,5,6,1, , ,1, ,1, ,1,1, ,1, ,38
34,9/9/2020 12:41:49,9/9/2020 12:47:02,0,100,312,1,9/9/2020 12:47:02,1,2,43,our,571c91c0e1d2ec0013a68761,1,0.0,0.0,2.105,0,0.0,0.0,13.349,0,0.0,0.0,12.181,0,2,9,0.0,0.0,24.355,0, ,1,1,3,2,9,2,9,0.0,0.0,8.605,0,1,2,9,3,2,8,0.0,0.0,5.086,0,3,1,2,9,2,5,6,2,4,2,6,120,100,12,2,7,1,8,6,2,20,2,100,2,1,8,4,3,4, ,1,1, ,1, ,1, , ,1,1, ,39
35,9/9/2020 12:46:35,9/9/2020 12:55:18,0,100,523,1,9/9/2020 12:55:19,1,1,67,our,5e2a9d6542cd9c0ebb414341,1,0.0,0.0,2.007,0,0.0,0.0,12.011,0,0.0,0.0,12.106,0,2,8,0.0,0.0,20.123,0,1, ,1,3,2,8,2,10,0.0,0.0,7.005,0,1,2,10,3,2,10,0.0,0.0,4.006,0,1,2,2,10,2,10,21,2,10,1,8,21 months,230,28,1,8,2,10,9,2,50,2,365,1,2,10,3,4,5,1, , ,1, ,1, ,1, ,1,1, ,40
36,9/9/2020 13:25:43,9/9/2020 13:37:05,0,100,682,1,9/9/2020 13:37:06,1,2,37,Our,5ded02076e09cf3c68055c07,1,0.0,0.0,2.011,0,5.634,10.866,12.008,3,0.944,2.212,12.111,3,2,3,0.161,0.161,20.036,1,1, ,1,3,2,3,1,10,0.0,0.0,7.013,0,1,1,10,3,1,7,0.0,0.0,4.108,0,3,2,2,5,2,10,27,1,10,2,5,40 months,240,13,2,5,2,10,10,2,52,1,365,1,2,10,4,4,3,1, , ,1, ,1,1, ,1, , ,1,41
37,9/9/2020 13:39:37,9/9/2020 13:47:30,0,100,473,1,9/9/2020 13:47:30,1,2,30,Our,5eb7f23f721d21000af232e2,1,0.0,0.0,2.118,0,0.0,0.0,12.025,0,0.0,0.0,12.021,0,1,5,0.0,0.0,20.172,0,1, ,1,3,1,5,2,8,0.0,0.0,7.022,0,1,2,8,3,1,5,0.0,0.0,4.027,0,3,1,1,5,2,7,25,2,7,2,6,11 months,365,49,2,6,2,6,9,1,52,1,365,1,2,6,4,2,5,1, , ,1,1, , ,1, ,1,1, ,42
38,9/9/2020 15:43:48,9/9/2020 16:10:50,0,100,1622,1,9/9/2020 16:10:51,1,2,29,Our,5ebaa3027495f8000c88e519,1,2.032,2.032,2.129,1,1.323,4.784,12.02,2,1.935,3.132,12.014,2,1,8,25.298,25.298,25.39,1, ,2,1,3,2,2,2,2,0.0,0.0,7.028,0,1,2,2,3,2,8,0.0,0.0,8.125,0,3,1,2,10,1,7,4,2,7,2,9,9 months,685,50,1,10,2,10,9,1,50,1,685,1,2,10,6,3,4, ,1, ,1,1, , ,1, ,1, ,1,43
39,9/9/2020 16:01:21,9/9/2020 16:11:44,0,100,622,1,9/9/2020 16:11:44,1,1,34,our,590feda04196c20001df3eb0,1,0.0,0.0,2.028,0,0.0,0.0,12.021,0,0.0,0.0,12.024,0,2,8,0.0,0.0,20.181,0,2, ,1,3,2,9,2,10,0.0,0.0,7.024,0,1,2,10,3,2,10,0.0,0.0,4.119,0,3,1,2,10,2,10,27,2,10,2,10,4 months,228,0,2,10,2,10,9,1,50,2,365,1,2,10,1,1,1,1, ,1, ,1, ,1, ,1, ,1, ,44
40,9/10/2020 2:34:45,9/10/2020 2:42:53,0,100,488,1,9/10/2020 2:42:54,1,2,30,Our,5a577d25eedc320001425fd2,1,0.0,0.0,2.115,0,0.0,0.0,12.013,0,0.0,0.0,12.112,0,1,6,0.0,0.0,20.152,0,1, ,1,3,1,6,2,4,0.0,0.0,7.11,0,1,2,4,3,1,6,0.0,0.0,4.012,0,3,1,1,6,2,3,26,2,3,1,4,5 months,30,40,1,4,2,9,9,2,56,2,365,2,2,9,2,2,2,1, , ,1,1, , ,1,1, ,1, ,45
41,9/10/2020 2:36:50,9/10/2020 2:43:38,0,100,407,1,9/10/2020 2:43:38,1,2,42,our,59da67c8416c900001ea5b50,1,0.0,0.0,2.106,0,0.0,0.0,12.721,0,0.0,0.0,13.873,0,1,8,0.0,0.0,20.029,0, ,2,1,3,2,5,2,4,0.0,0.0,7.107,0,1,2,3,3,2,7,0.0,0.0,4.116,0,3,1,2,8,2,6,25,2,5,1,7,12 months,165,234,1,7,1,7,9,2,276,2,123,2,1,8,4,4,4, ,1,1, , ,1, ,1,1, , ,1,46
42,9/10/2020 2:40:37,9/10/2020 2:48:10,0,100,452,1,9/10/2020 2:48:10,1,1,33,our,59d41335e59146000112e4d1,1,0.0,0.0,2.006,0,0.0,0.0,12.006,0,0.0,0.0,12.007,0,1,6,0.0,0.0,20.128,0,1, ,1,3,1,6,2,7,0.0,0.0,7.007,0,1,2,7,3,1,6,0.0,0.0,4.007,0,3,1,1,6,1,8,22,1,8,2,5,16,467,22,2,5,2,7,9,1,50,1,365,1,2,7,4,2,3,1, ,1, ,1, , ,1, ,1, ,1,47
43,9/10/2020 2:37:31,9/10/2020 2:48:37,0,100,665,1,9/10/2020 2:48:37,1,2,23,our,5da70040317ac50016e583b3,1,0.0,0.0,2.015,0,2.496,2.496,12.025,1,2.772,8.049,12.13,2,2,8,0.0,0.0,20.06,0, ,1,1,3,2,7,2,10,0.0,0.0,7.026,0,1,2,10,3,2,7,3.43,3.43,4.014,1,3,2,2,7,1,6,26,1,5,1,8,2 years,562,35,1,9,2,10,9,1,52,1,365,1,2,10,4,3,4, ,1, ,1,1, , ,1,1, ,1, ,48
44,9/10/2020 2:37:19,9/10/2020 2:49:20,0,100,721,1,9/10/2020 2:49:21,1,2,43,Our,58c1d8a98ec85c0001e3e8a6,1,0.0,0.0,2.009,0,4.316,4.316,12.009,1,7.343,7.343,12.011,1,2,8,0.0,0.0,20.137,0,2, ,1,3,2,7,1,5,6.386,6.386,7.009,1,1,1,5,3,2,6,0.0,0.0,4.01,0,3,1,2,6,1,8,27,1,8,1,6,27 months,50,49,1,6,2,8,9,2,50,2,50,1,2,8,4,4,4,1, ,1, , ,1, ,1,1, ,1, ,49
45,9/10/2020 2:37:56,9/10/2020 2:50:13,0,100,736,1,9/10/2020 2:50:14,1,2,51,our,5da08b0b64f34d00165acbdb,1,0.0,0.0,2.008,0,0.0,0.0,12.106,0,0.0,0.0,12.127,0,2,8,0.0,0.0,20.269,0, ,2,1,3,1,6,1,8,0.0,0.0,7.121,0,1,1,7,3,2,7,0.0,0.0,4.025,0,3,1,2,7,2,7,28,2,7,1,8,16 months,500,12,1,8,2,8,9,1,50,2,687,2,2,7,4,3,3, ,1, ,1, ,1, ,1, ,1,1, ,50
46,9/10/2020 2:42:37,9/10/2020 2:51:14,0,100,516,1,9/10/2020 2:51:14,1,2,39,Our,5c6549cd1d9ff70001ab0787,1,0.0,0.0,2.01,0,4.728,4.728,12.009,1,2.172,2.172,12.11,1,1,3,0.0,0.0,20.134,0, ,2,1,3,1,2,2,1,0.0,0.0,7.008,0,1,2,1,3,1,2,0.0,0.0,4.009,0,3,2,1,1,1,1,15,1,1,1,2,24 months,100,45,1,2,2,5,9,2,50,1,365.25,1,2,4,1,1,1, ,1,1, ,1, , ,1, ,1,1, ,51
47,9/10/2020 2:45:32,9/10/2020 2:52:53,0,100,440,1,9/10/2020 2:52:53,1,1,39,our,5b73d380dabfce000141a77e,1,0.0,0.0,2.012,0,0.0,0.0,12.107,0,1.942,1.942,12.109,1,2,3,3.615,15.204,20.034,2,1, ,1,3,1,8,2,3,0.0,0.0,7.009,0,1,1,5,3,2,4,0.0,0.0,4.008,0,3,2,1,6,1,6,22,1,6,1,4,20 months,100,10,1,7,2,4,9,1,100,2,30,2,2,5,3,3,2,1, ,1, ,1, ,1, ,1, , ,1,52
48,9/10/2020 2:43:50,9/10/2020 2:53:04,0,100,553,1,9/10/2020 2:53:04,1,2,42,our,5bfbca46f88f3900014afeae,1,0.0,0.0,2.015,0,5.536,5.536,12.111,1,8.324,8.324,10.123,1,2,10,0.0,0.0,20.268,0,2, ,1,3,2,10,2,10,0.0,0.0,7.123,0,1,2,10,3,2,8,0.0,0.0,4.119,0,3,1,2,8,1,9,23,1,7,2,10,2 yrs,360,45,2,7,2,10,9,2,52,2,360,2,2,5,6,2,4,1, , ,1,1, , ,1,1, ,1, ,53
49,9/10/2020 2:42:45,9/10/2020 2:53:54,0,100,669,1,9/10/2020 2:53:55,1,2,19,our,5eaf1ea7fb863f60c6dcd13a,1,0.0,0.0,2.008,0,0.0,0.0,12.007,0,0.0,0.0,12.007,0,1,4,0.0,0.0,20.327,0,1, ,1,3,1,5,2,8,0.0,0.0,7.008,0,1,2,8,3,2,1,0.0,0.0,4.108,0,3,1,2,1,2,1,22,2,1,1,1,1800,60,13,1,1,2,10,9,2,52,1,14,2,2,10,4,1,6,1, , ,1, ,1,1, ,1, ,1, ,54
50,9/10/2020 2:40:47,9/10/2020 2:54:11,0,100,804,1,9/10/2020 2:54:11,1,1,30,Our,5bf2d027157eff00013f0d58,1,0.0,0.0,2.111,0,4.028,4.028,12.01,1,2.351,2.351,12.009,1,1,3,0.0,0.0,20.242,0, ,2,1,3,1,3,1,3,0.0,0.0,7.009,0,1,1,3,3,2,9,0.0,0.0,4.108,0,3,1,2,9,2,1,12,2,1,1,10,8 months,365,47,1,10,2,10,1,2,52,2,365,1,2,10,4,4,2, ,1,1, ,1, ,1, ,1, , ,1,55
51,9/10/2020 2:48:05,9/10/2020 2:55:22,0,100,436,1,9/10/2020 2:55:22,1,2,37,our,5c33312ffd5bd20001298507,1,0.0,0.0,2.016,0,5.43,5.43,12.115,1,8.126,8.126,12.01,1,2,10,0.0,0.0,20.165,0,2, ,1,3,2,10,2,10,0.0,0.0,7.114,0,1,2,10,3,1,10,0.0,0.0,4.021,0,3,2,1,10,2,10,27,2,10,2,10,2 years,200,44,2,10,2,10,9,2,50,2,365,2,2,10,4,4,4,1, ,1, , ,1, ,1,1, , ,1,56
52,9/10/2020 2:48:20,9/10/2020 2:55:33,0,100,432,1,9/10/2020 2:55:34,1,1,26,our,5d2dbfc01460350001333a97,1,0.0,0.0,2.013,0,0.0,0.0,12.11,0,0.0,0.0,12.031,0,2,7,0.0,0.0,21.48,0, ,1,1,3,2,7,1,7,0.0,0.0,7.007,0,1,1,7,3,2,9,0.0,0.0,4.012,0,3,2,2,8,2,9,26,2,9,1,8,24 months,120,10,2,8,2,8,9,1,25,1,365,1,2,8,6,6,6, ,1,1, ,1, ,1, ,1, , ,1,57
53,9/10/2020 2:45:34,9/10/2020 2:55:42,0,100,607,1,9/10/2020 2:55:43,1,1,26,our,5d39a607190d3e000100e72a,1,0.0,0.0,2.011,0,0.0,0.0,12.112,0,0.0,0.0,12.01,0,2,9,0.0,0.0,22.1,0,2, ,1,3,2,9,2,10,0.0,0.0,8.076,0,1,2,10,3,1,8,0.0,0.0,5.02,0,3,2,1,8,2,8,19,2,8,1,9,550 days,600,20,1,9,2,10,9,1,50,1,365,2,1,10,5,1,3,1, ,1, ,1, ,1, ,1, ,1, ,58
54,9/10/2020 2:46:35,9/10/2020 2:55:46,0,100,551,1,9/10/2020 2:55:46,1,2,50,our,5b308d91530770000105b6b6,1,0.0,0.0,2.113,0,0.0,0.0,12.11,0,0.0,0.0,12.118,0,2,10,0.0,0.0,20.144,0, ,2,1,3,2,10,1,9,0.0,0.0,7.121,0,1,1,9,3,2,8,0.0,0.0,4.01,0,3,1,2,8,2,8,23,2,8,1,10,10 months,365,21,1,10,2,9,9,2,52,2,365,1,2,9,4,4,4, ,1, ,1, ,1,1, ,1, , ,1,59
55,9/10/2020 2:47:46,9/10/2020 2:55:49,0,100,482,1,9/10/2020 2:55:49,1,1,23,our,5cbf60b3fad6f20015bcb11e,1,0.0,0.0,2.007,0,0.0,0.0,12.009,0,0.0,0.0,12.01,0,2,9,0.0,0.0,20.235,0, ,1,1,3,2,9,2,10,0.0,0.0,7.007,0,1,2,10,3,2,10,0.0,0.0,4.007,0,3,2,2,10,2,10,24,2,10,2,6,14 months,450,23,2,7,2,10,14,1,50,2,365,1,2,10,2,2,2, ,1, ,1,1, ,1, , ,1, ,1,60
56,9/10/2020 2:48:09,9/10/2020 2:57:00,0,100,531,1,9/10/2020 2:57:01,1,2,26,our,5bfc4ade8acfed00011a336c,1,0.0,0.0,2.025,0,0.0,0.0,12.021,0,0.0,0.0,12.022,0,2,10,0.0,0.0,20.079,0,2, ,1,3,2,10,2,10,0.0,0.0,7.026,0,1,2,10,3,2,8,0.0,0.0,4.016,0,3,2,2,7,2,5,26,2,6,2,7,2 years,500,13,2,6,2,10,9,2,50,2,365,2,2,10,2,2,2,1, , ,1,1, , ,1,1, ,1, ,61
57,9/10/2020 2:50:08,9/10/2020 2:57:29,0,100,440,1,9/10/2020 2:57:29,1,1,34,our,5d9486024fa1f900146de8ee,1,0.0,0.0,2.014,0,0.0,0.0,12.011,0,0.0,0.0,2.485,0,2,7,0.0,0.0,20.345,0,1, ,1,3,2,7,1,7,0.0,0.0,7.011,0,1,1,7,3,2,5,0.0,0.0,4.012,0,3,2,1,5,2,1,24,2,1,1,7,5 months,650,45,1,8,1,10,9,1,50,1,360,1,1,10,1,1,1,1, , ,1, ,1, ,1,1, ,1, ,62
58,9/10/2020 2:48:21,9/10/2020 2:57:30,0,100,548,1,9/10/2020 2:57:30,1,2,42,our,5c1b5c765b2ab700015b2f86,1,0.0,0.0,2.119,0,6.123,6.123,12.116,1,8.772,8.772,12.116,1,2,9,0.0,0.0,20.057,0, ,1,1,3,2,9,1,8,0.0,0.0,7.032,0,1,1,7,3,1,9,0.0,0.0,4.113,0,3,1,1,9,2,1,23,2,1,1,9,13 months,546,8,1,9,2,9,9,2,52,2,365,1,2,9,4,1,2, ,1, ,1,1, ,1, ,1, ,1, ,63
59,9/10/2020 2:49:21,9/10/2020 2:57:58,0,100,516,1,9/10/2020 2:57:58,1,2,43,Our,596db217ed56f400011f5118,1,0.0,0.0,2.007,0,5.133,5.847,12.009,2,3.988,8.301,12.008,2,2,9,0.0,0.0,20.333,0, ,2,1,3,2,9,2,10,0.0,0.0,7.012,0,1,2,10,3,2,9,0.0,0.0,4.008,0,3,2,2,10,1,5,25,1,5,2,5,18 months,31,43,2,5,2,10,9,1,52,1,31,2,2,10,5,3,5, ,1, ,1,1, , ,1,1, , ,1,64
60,9/10/2020 2:51:24,9/10/2020 2:58:35,0,100,431,1,9/10/2020 2:58:36,1,2,35,our,58a17caf6a8d3b00017ec00e,1,0.0,0.0,2.005,0,0.0,0.0,12.006,0,0.0,0.0,12.007,0,1,7,0.0,0.0,21.19,0,1, ,1,3,1,7,2,4,0.0,0.0,7.007,0,1,2,4,3,2,7,0.0,0.0,5.289,0,3,1,2,5,2,4,23,2,5,1,7,12,365,49,1,7,2,7,9,2,51,1,365,1,2,7,4,3,4,1, ,1, ,1, , ,1,1, ,1, ,65
61,9/10/2020 2:48:31,9/10/2020 2:59:55,0,100,683,1,9/10/2020 2:59:55,1,2,49,our,5c69b6d18654fe00018d5c75,1,0.0,0.0,2.008,0,0.0,0.0,12.007,0,0.0,0.0,12.008,0,2,8,0.0,0.0,20.028,0,2, ,1,3,2,8,2,10,0.0,0.0,7.008,0,1,2,10,3,1,6,0.0,0.0,4.007,0,3,2,1,6,2,4,26,2,4,1,8,18 months,300,20,1,8,2,10,9,1,30,1,365,1,2,10,2,2,2,1, ,1, ,1, ,1, , ,1, ,1,66
62,9/10/2020 2:51:16,9/10/2020 3:00:21,0,100,545,1,9/10/2020 3:00:22,1,2,30,our,5ee26a75d30bbc737f104e93,1,0.0,0.0,2.117,0,0.0,0.0,12.017,0,0.0,0.0,12.122,0,1,5,0.0,0.0,20.071,0, ,2,1,3,1,5,2,8,0.0,0.0,7.009,0,1,2,8,3,2,5,0.0,0.0,4.019,0,3,2,2,5,2,5,31,2,5,2,5,3 months,100,5,2,5,2,8,9,1,54,2,365,2,2,8,1,1,1, ,1, ,1,1, , ,1,1, ,1, ,67
63,9/10/2020 2:52:57,9/10/2020 3:00:33,0,100,455,1,9/10/2020 3:00:41,1,2,22,Our,5e9717fa30881a0645f99bb0,1,0.0,0.0,2.045,0,0.0,0.0,12.151,0,0.0,0.0,12.148,0,2,9,0.245,0.245,20.384,1, ,1,1,3,2,9,2,9,0.0,0.0,7.035,0,1,2,9,3,1,9,0.0,0.0,4.04,0,3,2,1,9,1,7,25,1,7,1,8,1 year,31,5,1,8,2,9,9,2,20,2,31,2,2,8,3,2,4, ,1,1, , ,1, ,1,1, , ,1,68
64,9/10/2020 2:52:50,9/10/2020 3:00:50,0,100,479,1,9/10/2020 3:00:50,1,2,56,our,5855b0d59fcc070001dfe2a7,1,0.0,0.0,2.006,0,0.0,0.0,12.006,0,0.0,0.0,12.008,0,1,4,0.0,0.0,20.029,0, ,2,1,3,1,2,1,5,0.0,0.0,7.106,0,1,1,5,3,2,7,0.0,0.0,4.01,0,3,2,2,6,2,6,27,2,6,2,8,18 months,150,36,2,8,2,8,10,2,50,1,1,2,2,8,2,1,1, ,1,1, ,1, , ,1, ,1, ,1,69
65,9/10/2020 2:55:11,9/10/2020 3:01:04,0,100,352,1,9/10/2020 3:01:04,1,2,32,our,5e14f484b633b5b0ff2e856e,1,0.0,0.0,2.01,0,0.0,0.0,12.008,0,0.0,0.0,8.854,0,2,8,0.0,0.0,20.131,0, ,2,1,3,2,8,1,6,0.0,0.0,8.153,0,1,1,6,3,2,5,0.0,0.0,4.179,0,3,2,2,4,1,6,22,1,5,1,6,18 months,30,50,1,5,2,5,9,2,50,1,365,2,2,5,4,4,4, ,1,1, ,1, , ,1,1, ,1, ,70
66,9/10/2020 2:48:04,9/10/2020 3:01:08,0,100,784,1,9/10/2020 3:01:09,1,2,22,our,5c5d43a4044f100001a4a3b5,1,0.0,0.0,2.112,0,0.0,0.0,12.011,0,0.0,0.0,12.013,0,1,5,0.0,0.0,20.241,0, ,2,1,3,1,5,2,7,0.0,0.0,8.219,0,1,2,7,3,2,7,0.0,0.0,4.013,0,3,2,2,7,2,1,27,2,1,2,1,3 years,28,11,2,6,2,10,9,2,37,1,365,2,2,10,4,4,4, ,1, ,1,1, , ,1, ,1,1, ,71
67,9/10/2020 2:55:08,9/10/2020 3:01:15,0,100,367,1,9/10/2020 3:01:15,1,2,23,our,5ea300a5733c8107ec2478a3,1,0.0,0.0,2.11,0,0.0,0.0,12.009,0,0.0,0.0,12.007,0,2,6,0.0,0.0,20.24,0,1, ,1,3,1,6,1,6,0.0,0.0,7.011,0,1,2,6,3,1,6,0.0,0.0,4.01,0,3,2,1,6,1,7,17,1,8,1,6,8 years,354,8,1,10,2,9,9,2,8,1,352,1,2,9,5,3,5,1, , ,1,1, ,1, ,1, ,1, ,72
68,9/10/2020 2:52:32,9/10/2020 3:01:33,0,100,540,1,9/10/2020 3:01:33,1,2,31,our,5e9adc3d7848b717401fb4c2,1,0.0,0.0,2.01,0,0.0,0.0,12.008,0,0.0,0.0,12.111,0,2,9,8.748,8.748,20.325,1, ,1,1,3,2,9,2,9,0.0,0.0,7.007,0,1,2,9,3,1,8,0.0,0.0,4.007,0,3,2,1,8,1,6,26,1,6,1,7,2 years,450,40,1,6,2,8,9,2,51,1,365,1,2,5,4,4,4, ,1,1, , ,1, ,1, ,1, ,1,73
69,9/10/2020 2:52:45,9/10/2020 3:01:49,0,100,544,1,9/10/2020 3:01:50,1,1,46,our,5ec4f7c3fd704d416a5087d2,1,0.0,0.0,2.112,0,0.0,0.0,12.008,0,0.0,0.0,12.007,0,1,9,0.0,0.0,20.325,0,1, ,1,3,1,10,2,8,0.0,0.0,7.009,0,1,2,10,3,1,10,0.0,0.0,4.007,0,3,2,1,10,2,10,26,2,10,2,8,18 months,1,48,2,8,2,10,9,2,52,1,1,1,2,10,4,3,3,1, , ,1, ,1,1, ,1, ,1, ,74
70,9/10/2020 2:54:40,9/10/2020 3:01:53,0,100,433,1,9/10/2020 3:01:53,1,2,33,our,568e3e02e3ef9e000ca13b18,1,0.0,0.0,2.011,0,0.0,0.0,12.009,0,0.0,0.0,12.018,0,2,7,0.0,0.0,20.995,0,2, ,1,3,2,7,2,8,0.0,0.0,7.107,0,1,2,8,3,1,7,0.0,0.0,4.006,0,3,2,1,7,2,4,25,2,4,1,6,18 months,2,40,1,5,2,7,9,1,58,1,1,1,2,6,5,5,5,1, , ,1,1, ,1, , ,1,1, ,75
71,9/10/2020 2:56:02,9/10/2020 3:02:10,0,100,368,1,9/10/2020 3:02:11,1,2,30,our,5872a0d958ca4c00018ce4fe,1,0.0,0.0,2.006,0,0.0,0.0,12.107,0,0.0,0.0,13.66,0,1,7,0.0,0.0,20.121,0,1, ,1,3,1,7,1,7,0.0,0.0,7.105,0,1,1,7,3,1,6,0.0,0.0,4.005,0,3,2,1,6,1,6,25,2,6,1,6,12,400,25,1,6,2,8,9,1,50,1,30,1,2,8,3,3,3,1, , ,1, ,1, ,1, ,1,1, ,76
72,9/10/2020 2:55:40,9/10/2020 3:02:13,0,100,392,1,9/10/2020 3:02:13,1,2,37,our,550b272afdf99b3946e13443,1,0.0,0.0,2.018,0,0.0,0.0,12.024,0,0.0,0.0,13.589,0,1,8,0.0,0.0,23.746,0, ,2,1,3,1,8,2,7,0.0,0.0,8.306,0,1,2,6,3,1,7,0.0,0.0,5.144,0,3,1,1,7,1,1,27,1,2,2,7,6 months,365,52,2,5,1,5,9,1,52,1,365,1,1,7,2,2,2, ,1,1, ,1, ,1, , ,1,1, ,77
73,9/10/2020 2:56:14,9/10/2020 3:02:30,0,100,376,1,9/10/2020 3:02:30,1,1,24,Our,5e9798f145925726aa0a0ce3,1,0.0,0.0,2.109,0,0.0,0.0,12.009,0,4.659,4.659,12.009,1,2,6,10.434,17.09,20.131,2,2, ,1,3,2,6,2,10,0.0,0.0,7.007,0,1,2,10,3,1,8,0.0,0.0,4.108,0,3,2,1,8,1,3,12,1,4,1,7,6 months,3 weeks,48,1,6,2,2,9,1,52,2,365,2,2,3,3,5,4,1, ,1, ,1, ,1, , ,1,1, ,78
74,9/10/2020 2:50:56,9/10/2020 3:02:51,0,100,714,1,9/10/2020 3:02:51,1,2,43,our,5c9a2a8fa32382000162eba4,1,0.0,0.0,2.112,0,0.0,0.0,12.009,0,0.0,0.0,13.069,0,2,10,0.0,0.0,20.14,0, ,1,1,3,2,10,2,10,0.0,0.0,7.012,0,1,2,10,3,2,10,0.0,0.0,4.01,0,3,2,2,10,2,10,8,2,10,1,10,2 years,100,20,1,10,2,10,10,1,50,1,365,1,2,10,6,6,6, ,1,1, , ,1, ,1, ,1, ,1,79
75,9/10/2020 2:52:39,9/10/2020 3:03:05,0,100,626,1,9/10/2020 3:03:06,1,2,24,our,5d53ec22cb1bcf0015f59a65,1,0.0,0.0,2.011,0,0.0,0.0,12.111,0,0.0,0.0,12.108,0,1,5,0.0,0.0,20.246,0,1, ,1,3,1,5,2,5,0.0,0.0,7.007,0,1,2,5,3,2,5,0.0,0.0,4.121,0,3,1,2,5,1,5,22,2,5,1,5,22 months,687 days,48,1,5,2,6,9,2,50,1,365,2,2,6,2,2,2,1, ,1, , ,1,1, , ,1,1, ,80
76,9/10/2020 2:53:11,9/10/2020 3:03:16,0,100,604,1,9/10/2020 3:03:16,1,2,22,out,5e5680cba040b702ff4a14c1,1,0.0,0.0,2.009,0,0.0,0.0,12.007,0,0.0,0.0,12.106,0,2,10,0.0,0.0,20.029,0, ,1,1,3,2,10,1,7,0.0,0.0,7.009,0,1,1,7,3,1,6,0.0,0.0,4.007,0,3,2,1,6,1,5,26,1,5,2,6,12 months,500,48,2,6,2,9,9,1,50,1,365,2,1,6,4,4,4, ,1, ,1,1, ,1, , ,1,1, ,81
77,9/10/2020 2:54:49,9/10/2020 3:03:37,0,100,527,1,9/10/2020 3:03:37,1,2,32,our,582c292dde604600013511ef,1,0.0,0.0,2.005,0,0.0,0.0,12.006,0,0.0,0.0,12.005,0,1,7,0.0,0.0,20.222,0,1, ,1,3,1,7,2,4,0.0,0.0,7.006,0,1,2,5,3,2,9,0.0,0.0,4.106,0,3,1,2,9,1,5,25,1,4,1,7,6 months,5,1,1,6,2,9,9,2,52,2,1,1,2,9,4,4,4,1, , ,1,1, , ,1, ,1,1, ,82
78,9/10/2020 2:57:22,9/10/2020 3:03:37,0,100,375,1,9/10/2020 3:03:38,1,2,19,our,5d273726e654920015aa8ea4,1,0.0,0.0,2.006,0,0.0,0.0,12.108,0,0.0,0.0,12.008,0,1,8,0.0,0.0,20.339,0,1, ,1,3,1,8,1,6,0.0,0.0,7.008,0,1,1,6,3,2,4,0.0,0.0,4.008,0,3,2,2,4,2,5,23,2,5,1,10,12,100,12,1,10,2,7,9,1,50,1,365,1,2,10,5,4,5,1, ,1, ,1, , ,1, ,1,1, ,83
79,9/10/2020 2:55:05,9/10/2020 3:03:48,0,100,522,1,9/10/2020 3:03:48,1,2,26,our,5e3f63305ed1321be26ea5fe,1,0.0,0.0,2.006,0,0.0,0.0,12.107,0,0.0,0.0,12.009,0,2,6,0.0,0.0,20.139,0, ,1,1,3,2,5,1,6,0.0,0.0,7.117,0,1,1,6,3,2,5,0.0,0.0,4.107,0,2,2,2,6,2,5,25,2,6,1,8,2 years,365,40,1,8,2,6,9,2,52,1,365,1,2,6,4,4,4, ,1, ,1,1, ,1, , ,1,1, ,84
80,9/10/2020 2:55:41,9/10/2020 3:04:03,0,100,501,1,9/10/2020 3:04:04,1,1,43,u,5acd0749a3ba7a0001b50834,1,0.0,0.0,2.107,0,0.0,0.0,12.007,0,0.0,0.0,12.006,0,2,10,0.0,0.0,20.024,0,1, , ,3,2,10,1,6,0.0,0.0,7.007,0,1,1,6,3,2,1,0.0,0.0,4.108,0,3,1,2,1,2,8,6,2,8,2,8,10,500,30,2,8,2,8,9,2,20,2,300,2,2,8,4,4,3,1, , ,1, ,1,1, ,1, ,1, ,85
81,9/10/2020 2:56:31,9/10/2020 3:04:28,0,100,477,1,9/10/2020 3:04:28,1,2,33,our,5d667425bf872a001a72eb79,1,0.0,0.0,2.008,0,0.0,0.0,8.832,0,0.0,0.0,7.567,0,1,2,0.0,0.0,20.028,0, ,2,1,3,1,2,2,6,0.0,0.0,7.008,0,1,2,6,3,2,7,0.0,0.0,4.007,0,3,2,2,7,2,5,26,2,5,1,10,36 months,450,13,1,10,2,8,9,2,50,2,365,1,2,8,5,2,4, ,1, ,1,1, ,1, , ,1, ,1,86
82,9/10/2020 2:56:33,9/10/2020 3:04:48,0,100,494,1,9/10/2020 3:04:48,1,2,29,Our,5d41c4d8198538001a375d4b,1,0.0,0.0,2.119,0,11.46,11.46,12.109,1,0.867,10.755,12.017,2,2,8,11.614,11.614,20.059,1,2, ,1,3,2,8,1,8,0.0,0.0,7.115,0,1,1,8,3,2,7,0.0,0.0,4.019,0,3,1,2,7,2,5,7,2,5,1,8,6 motnhs,435,54,1,7,2,10,9,1,62,1,365,1,2,10,5,4,4,1, ,1, ,1, , ,1, ,1, ,1,87
83,9/10/2020 2:57:10,9/10/2020 3:04:48,0,100,458,1,9/10/2020 3:04:48,1,2,35,Our,5d862f1717edf1001cce7daf,1,1.193,1.193,2.007,1,0.341,2.51,12.009,3,1.831,1.831,12.009,1,1,6,0.0,0.0,20.134,0,1, ,1,3,1,6,1,5,0.0,0.0,7.008,0,1,1,5,3,2,8,0.0,0.0,4.108,0,3,2,2,8,1,6,27,1,8,1,5,2 years,200,48,1,5,2,8,9,2,50,2,365,1,2,8,4,4,3,1, , ,1, ,1, ,1, ,1,1, ,88
84,9/10/2020 2:55:17,9/10/2020 3:04:55,0,100,578,1,9/10/2020 3:04:56,1,1,46,our,5d7a0921663fb40001ffb842,1,0.0,0.0,2.108,0,0.0,0.0,12.106,0,0.0,0.0,13.528,0,2,8,0.0,0.0,20.233,0, ,2,1,3,2,8,1,7,0.0,0.0,7.006,0,1,1,7,3,2,5,0.0,0.0,4.009,0,3,2,1,5,2,7,27,2,5,1,7,20 months,300,26,1,7,2,7,9,2,50,2,365,1,1,6,4,4,4, ,1, ,1,1, , ,1, ,1, ,1,89
85,9/10/2020 2:59:12,9/10/2020 3:05:32,0,100,380,1,9/10/2020 3:05:32,1,2,31,Our,59d37889aeef3b0001022129,1,0.0,0.0,2.009,0,2.6,8.653,12.482,4,0.724,2.037,2.978,2,2,6,0.0,0.0,20.138,0,2, ,1,3,2,6,2,5,0.0,0.0,7.008,0,1,2,5,3,2,7,0.0,0.0,4.108,0,3,1,2,5,1,9,25,1,7,2,6,14 months,1,56,2,5,2,6,9,1,56,1,1,1,2,7,2,2,2,1, ,1, ,1, ,1, ,1, , ,1,90
86,9/10/2020 2:54:25,9/10/2020 3:05:38,0,100,673,1,9/10/2020 3:05:38,1,2,22,Our,5e7d4f0eb863743dfb52a3b9,1,0.0,0.0,2.008,0,0.0,0.0,12.007,0,0.0,0.0,12.107,0,1,10,0.0,0.0,21.774,0,1, ,1,3,1,10,1,10,0.0,0.0,7.008,0,1,1,10,3,2,10,0.0,0.0,4.007,0,3,2,2,10,2,6,20,2,6,1,10,15 months,390,27,1,10,2,10,9,1,50,1,365,1,2,10,2,1,1,1, ,1, ,1, ,1, ,1, , ,1,91
87,9/10/2020 2:57:11,9/10/2020 3:05:45,0,100,514,1,9/10/2020 3:05:46,1,1,49,our,571ba0766b0894001362d82f,1,0.0,0.0,2.009,0,0.0,0.0,12.016,0,0.0,0.0,12.005,0,2,9,0.0,0.0,20.243,0,2, ,1,3,2,9,2,10,0.0,0.0,7.016,0,1,2,10,3,1,7,0.0,0.0,4.008,0,3,1,1,7,2,2,26,2,2,2,10,15 months,450,27,2,10,2,9,9,1,51,1,365,1,2,9,1,1,1,1, , ,1, ,1,1, , ,1,1, ,92
88,9/10/2020 2:54:07,9/10/2020 3:05:54,0,100,706,1,9/10/2020 3:05:55,1,2,34,our,5e879ef6785373412156181e,1,0.0,0.0,2.011,0,6.837,6.837,12.009,1,3.554,3.554,12.113,1,1,7,0.0,0.0,20.249,0,1, ,1,3,1,7,1,7,0.0,0.0,7.012,0,1,1,7,3,2,8,0.0,0.0,4.011,0,3,1,2,8,2,6,27,2,6,1,7,23months,365,48,1,7,2,9,9,2,52,1,365,1,2,9,5,4,3,1, ,1, , ,1, ,1,1, ,1, ,93
89,9/10/2020 2:52:33,9/10/2020 3:06:03,0,100,810,1,9/10/2020 3:06:03,1,2,37,our,59d4ac98c732930001d889b5,1,0.0,0.0,2.01,0,0.0,0.0,12.113,0,0.0,0.0,12.007,0,1,5,0.0,0.0,21.77,0, ,2,1,3,1,5,2,7,0.0,0.0,7.109,0,1,2,7,3,1,8,0.0,0.0,4.004,0,3,2,1,7,1,6,26,1,6,1,6,20 months,250,30,1,6,2,9,9,1,52,1,350,2,2,9,5,4,5, ,1,1, , ,1, ,1,1, ,1, ,94
90,9/10/2020 2:52:35,9/10/2020 3:06:14,0,100,818,1,9/10/2020 3:06:14,1,2,62,our,5b1edfb15e45c000012a9cb2,1,0.0,0.0,2.107,0,0.0,0.0,12.012,0,0.0,0.0,12.007,0,2,10,0.0,0.0,20.128,0, ,1,1,3,2,10,2,10,0.0,0.0,7.006,0,1,2,10,3,2,10,0.0,0.0,4.007,0,3,2,2,10,2,10,27,2,10,2,10,2 years,100,25,2,10,2,10,9,2,52,1,356,2,2,10,1,1,2, ,1, ,1,1, ,1, ,1, ,1, ,95
91,9/10/2020 2:58:08,9/10/2020 3:06:15,0,100,486,1,9/10/2020 3:06:15,1,2,27,our,5c25a73d70d93a000120a249,1,0.0,0.0,2.007,0,0.0,0.0,12.006,0,0.0,0.0,12.007,0,2,8,0.0,0.0,20.127,0,2, ,1,3,2,8,2,10,0.0,0.0,7.106,0,1,2,10,3,1,7,0.0,0.0,4.108,0,3,2,1,5,2,10,25,2,8,2,6,18 months,380,50,2,7,2,3,9,1,51,1,365,1,2,2,4,2,2,1, , ,1,1, ,1, ,1, , ,1,96
92,9/10/2020 2:56:21,9/10/2020 3:06:43,0,100,621,1,9/10/2020 3:06:43,1,2,52,our,5e6540794184582b2040e0d4,1,0.0,0.0,2.007,0,0.0,0.0,12.108,0,0.0,0.0,12.006,0,2,5,0.0,0.0,20.23,0,2, ,1,3,2,5,2,10,0.0,0.0,7.007,0,1,2,10,3,2,10,0.0,0.0,4.108,0,3,1,2,10,2,10,24,2,10,1,10,9 months,3650,52,1,10,2,10,9,1,52,1,365,1,2,10,3,3,4,1, ,1, , ,1,1, , ,1,1, ,97
93,9/10/2020 2:57:34,9/10/2020 3:06:44,0,100,549,1,9/10/2020 3:06:44,1,2,27,our,5e0e62e393ab8b5b83963aaa,1,0.0,0.0,2.007,0,0.0,0.0,13.838,0,0.0,0.0,12.11,0,2,7,0.0,0.0,20.234,0, ,1,1,3,2,7,2,7,0.0,0.0,7.108,0,1,2,7,3,1,5,0.0,0.0,4.009,0,3,2,1,4,1,8,23,1,7,2,6,2 years,500 days,40,2,6,2,7,9,1,50,1,365,1,2,5,3,3,2, ,1,1, , ,1,1, , ,1,1, ,98
94,9/10/2020 2:55:59,9/10/2020 3:07:07,0,100,668,1,9/10/2020 3:07:08,1,1,18,our,5ed3d8b5b45e9d0775d81949,1,0.0,0.0,2.006,0,0.0,0.0,12.207,0,0.0,0.0,12.006,0,1,5,0.0,0.0,20.219,0,1, ,1,3,1,4,2,6,0.0,0.0,7.005,0,1,2,6,3,2,4,0.0,0.0,4.005,0,3,2,2,4,2,6,28,2,6,1,6,22 months,650,30,1,7,2,7,9,1,54,1,365,2,2,8,2,2,2,1, ,1, ,1, ,1, ,1, ,1, ,99
95,9/10/2020 2:56:06,9/10/2020 3:07:24,0,100,677,1,9/10/2020 3:07:25,1,1,34,our,5aeaf3c226b6680001698375,1,0.0,0.0,2.008,0,0.0,0.0,12.007,0,0.0,0.0,12.007,0,2,3,0.0,0.0,20.226,0,2, ,1,3,2,3,2,4,0.0,0.0,7.007,0,1,2,4,3,2,8,0.0,0.0,4.006,0,3,1,2,8,1,8,25,1,8,1,5,1 year,300,16,1,5,2,10,9,1,50,2,365,1,2,10,1,1,1,1, ,1, , ,1,1, ,1, , ,1,100
96,9/10/2020 2:55:52,9/10/2020 3:07:25,0,100,693,1,9/10/2020 3:07:26,1,1,35,our,5eade699f986094c0f1d46e3,1,0.0,0.0,2.017,0,0.0,0.0,12.012,0,1.958,8.749,12.018,2,2,10,0.0,0.0,20.246,0, ,1,1,3,2,10,2,10,0.0,0.0,7.017,0,1,2,10,3,2,9,0.0,0.0,4.112,0,3,2,2,9,2,10,14,2,10,1,5,18 months,15 days,40,1,5,2,10,9,1,50,1,365,1,2,10,4,4,4, ,1,1, , ,1,1, ,1, , ,1,101
97,9/10/2020 2:57:51,9/10/2020 3:07:26,0,100,575,1,9/10/2020 3:07:26,1,2,43,Our,5ed51de9141d240727e03542,1,0.0,0.0,2.01,0,3.294,10.894,12.007,4,2.517,5.733,12.007,2,2,10,0.0,0.0,20.132,0, ,1,1,3,2,10,2,10,0.0,0.0,7.009,0,1,2,10,3,1,10,0.0,0.0,4.007,0,3,2,1,10,1,9,21,1,9,1,10,12 months,2,46,1,10,1,10,9,2,52,2,1,1,1,10,4,4,4, ,1,1, ,1, ,1, , ,1,1, ,102
98,9/10/2020 2:59:17,9/10/2020 3:07:35,0,100,497,1,9/10/2020 3:07:35,1,1,47,our,5f02e4ccf8b6db18a3a60ccd,1,0.0,0.0,2.108,0,0.0,0.0,13.828,0,0.0,0.0,13.932,0,2,4,0.0,0.0,23.309,0,2, ,1,3,1,5,2,7,0.0,0.0,8.632,0,1,2,7,3,2,8,0.0,0.0,4.015,0,3,1,2,8,2,2,25,2,2,1,8,18 months,2000,21,1,8,2,8,9,1,52,1,365,1,2,8,4,2,2,1, , ,1, ,1,1, ,1, , ,1,103
99,9/10/2020 2:56:18,9/10/2020 3:07:39,0,100,680,1,9/10/2020 3:07:39,1,2,35,our,596a00f61a0f2200019a714b,1,0.0,0.0,2.01,0,0.0,0.0,12.008,0,1.4,1.4,12.009,1,2,8,0.0,0.0,20.145,0, ,1,1,3,2,8,2,8,0.0,0.0,7.111,0,1,2,8,3,2,6,0.0,0.0,4.109,0,3,1,2,6,2,5,26,2,5,1,6,2 years,100,25,1,6,2,8,9,2,49,2,1,2,2,8,4,2,4, ,1, ,1,1, , ,1,1, ,1, ,104
100,9/10/2020 2:54:14,9/10/2020 3:07:49,0,100,814,1,9/10/2020 3:07:50,1,2,35,Our,Donlou185,1,0.0,0.0,2.014,0,0.0,0.0,12.014,0,0.0,0.0,12.112,0,2,10,0.0,0.0,20.284,0, ,1,1,3,2,10,2,9,0.0,0.0,7.01,0,1,2,9,3,1,7,0.0,0.0,4.115,0,3,2,1,6,2,1,26,2,1,1,7,12 months,365,50,1,7,2,5,9,1,52,1,365,1,2,5,4,4,4, ,1,1, , ,1, ,1, ,1,1, ,105
101,9/10/2020 2:57:41,9/10/2020 3:08:03,0,100,622,1,9/10/2020 3:08:03,1,2,24,Our,591f70931a7e5e0001bba94a,1,0.0,0.0,2.025,0,5.057,11.614,12.017,2,0.0,0.0,12.023,0,1,5,0.0,0.0,20.246,0,1, ,1,3,1,5,1,5,0.0,0.0,7.016,0,1,1,5,3,1,7,0.0,0.0,4.016,0,3,2,1,7,2,5,25,2,5,1,5,2 years,5,20,2,6,2,6,9,1,30,2,1,2,2,6,4,2,1,1, , ,1, ,1,1, , ,1,1, ,106
102,9/10/2020 3:01:53,9/10/2020 3:08:06,0,100,372,1,9/10/2020 3:08:06,1,2,37,Our,5af9969a46f0040001e34736,1,0.0,0.0,2.108,0,2.575,5.322,12.01,4,1.135,1.135,12.111,1,2,9,0.0,0.0,20.24,0,2, ,1,3,2,9,2,10,0.0,0.0,7.007,0,1,2,10,3,2,5,0.0,0.0,4.111,0,3,2,2,5,2,4,13,2,4,1,5,2 years,700,35,1,6,2,6,9,1,50,1,365,1,2,6,3,2,2,1, , ,1, ,1,1, ,1, , ,1,107
103,9/10/2020 3:00:08,9/10/2020 3:08:26,0,100,498,1,9/10/2020 3:08:27,1,2,47,our,5c8bd4350b5cf400012fad73,1,0.0,0.0,2.113,0,0.281,2.795,12.011,2,1.98,1.98,12.009,1,1,8,0.0,0.0,20.045,0,1, ,1,3,1,8,1,9,0.0,0.0,7.012,0,1,1,9,3,2,8,0.0,0.0,4.017,0,3,1,2,8,2,5,8,2,5,1,6,20 months,365,50,1,6,2,10,9,2,52,1,365,1,2,10,3,4,5,1, ,1, , ,1,1, , ,1,1, ,108
104,9/10/2020 3:01:28,9/10/2020 3:08:27,0,100,418,1,9/10/2020 3:08:27,1,1,44,Our,5ed97f42fb714c51da920786,1,0.0,0.0,2.006,0,0.0,0.0,12.107,0,0.0,0.0,12.014,0,1,4,0.0,0.0,20.138,0,1, ,1,3,1,4,2,7,0.0,0.0,7.01,0,1,2,7,3,1,5,0.0,0.0,4.01,0,3,2,1,5,2,6,26,2,6,1,5,11 months,500,30,1,5,2,8,9,1,50,1,365,1,2,8,2,2,2,1, ,1, ,1, ,1, ,1, , ,1,109
105,9/10/2020 3:00:36,9/10/2020 3:08:52,0,100,496,1,9/10/2020 3:08:52,1,1,28,our,5ea17554d2bc1c0182d73c81,1,0.0,0.0,2.006,0,0.0,0.0,13.792,0,0.0,0.0,13.976,0,2,10,0.0,0.0,24.74,0,2, ,1,3,2,10,2,10,0.0,0.0,8.671,0,1,2,10,3,2,5,0.0,0.0,5.419,0,3,2,2,5,2,10,30,2,10,1,10,8 weeks,100,31,1,10,2,10,9,1,50,2,365,1,2,10,2,2,2,1, ,1, , ,1, ,1,1, ,1, ,110
106,9/10/2020 2:57:32,9/10/2020 3:08:58,0,100,686,1,9/10/2020 3:08:59,1,1,56,our,5dcb209c76eab27feba96973,1,0.0,0.0,2.015,0,0.0,0.0,12.015,0,0.0,0.0,12.022,0,1,10,0.0,0.0,20.167,0, ,2,1,3,1,10,1,8,0.0,0.0,7.018,0,1,1,8,3,2,10,0.0,0.0,4.016,0,1,2,2,8,2,8,25,2,8,1,10,24,500,13,1,8,2,10,9,2,50,2,365,2,2,10,4,4,2, ,1, ,1, ,1, ,1, ,1, ,1,111
107,9/10/2020 3:00:29,9/10/2020 3:09:06,0,100,516,1,9/10/2020 3:09:06,1,2,27,our,56026b1ce372c00011bd45f6,1,0.0,0.0,2.112,0,2.058,2.058,12.111,1,2.301,9.861,12.106,3,2,10,0.0,0.0,20.247,0, ,2,1,3,2,10,2,10,0.0,0.0,7.012,0,1,2,10,3,1,10,0.0,0.0,4.01,0,3,1,1,10,2,5,27,2,5,1,7,12 months,30,20,1,6,2,8,9,1,52,1,365,2,2,8,3,2,2, ,1, ,1, ,1,1, ,1, ,1, ,112
108,9/10/2020 2:58:15,9/10/2020 3:09:12,0,100,657,1,9/10/2020 3:09:13,1,2,20,our,5aeb43377ed5460001572b4f,1,0.0,0.0,2.108,0,2.875,2.875,12.007,1,0.0,0.0,12.013,0,1,7,0.0,0.0,20.145,0, ,2,1,3,1,7,2,8,0.11,0.11,7.011,1,1,2,8,3,2,8,0.0,0.0,4.011,0,3,2,2,8,2,10,27,2,10,1,8,1 year,600,30,1,8,2,8,9,2,50,2,365,2,2,8,3,2,2, ,1,1, , ,1,1, , ,1,1, ,113
109,9/10/2020 3:00:18,9/10/2020 3:09:15,0,100,536,1,9/10/2020 3:09:15,1,2,52,our,5c6158304fde3d0001474c20,1,0.0,0.0,2.121,0,10.479,10.479,12.032,1,2.109,2.109,11.625,1,2,9,0.0,0.0,20.246,0,2, ,1,3,2,9,2,9,0.0,0.0,7.013,0,1,2,9,3,1,9,0.0,0.0,4.014,0,3,1,1,9,1,5,23,1,5,1,6,18 months,300,24,1,7,2,7,9,2,52,2,365,1,2,7,4,4,4,1, , ,1, ,1,1, , ,1,1, ,114
110,9/10/2020 2:57:45,9/10/2020 3:09:27,0,100,702,1,9/10/2020 3:09:27,1,2,36,our,5e9da13b16566d08db87d47d,1,0.0,0.0,2.006,0,0.0,0.0,13.243,0,0.0,0.0,12.406,0,2,9,0.0,0.0,20.126,0, ,1,1,3,2,9,2,8,0.0,0.0,7.007,0,1,2,8,3,2,5,0.0,0.0,4.007,0,3,2,1,5,1,7,25,1,6,1,5,18,600,24,1,8,2,10,9,2,52,2,365,2,2,10,6,2,6, ,1, ,1, ,1, ,1,1, , ,1,115
111,9/10/2020 3:00:14,9/10/2020 3:09:28,0,100,553,1,9/10/2020 3:09:28,1,2,43,our,5e25bb2adb62ba80c1c8571a,1,0.0,0.0,2.007,0,0.802,0.802,12.107,1,9.117,9.117,12.107,1,1,6,7.032,17.188,20.229,2,1, ,1,3,1,6,1,7,0.0,0.0,7.008,0,1,1,7,3,2,8,0.0,0.0,4.107,0,3,2,2,8,2,3,27,1,3,1,8,1 year,10000,50,1,4,2,7,9,2,50,1,365,2,2,8,6,5,6,1, ,1, ,1, , ,1, ,1,1, ,116
112,9/10/2020 2:54:05,9/10/2020 3:09:36,0,100,930,1,9/10/2020 3:09:36,1,2,27,our,5e97391b5a067a1e2dd55485,1,0.0,0.0,2.007,0,0.0,0.0,12.106,0,0.0,0.0,12.107,0,2,2,0.0,0.0,20.03,0,2, ,1,3,2,2,2,1,0.0,0.0,7.007,0,1,2,10,3,2,8,0.0,0.0,4.006,0,3,2,2,8,2,6,27,2,7,1,10,12 months,2,12,1,10,2,10,9,1,50,1,365,2,2,10,5,2,3,1, , ,1,1, ,1, ,1, , ,1,117
113,9/10/2020 3:02:35,9/10/2020 3:09:40,0,100,425,1,9/10/2020 3:09:41,1,2,21,our,5e8c7f506bf2bf010cefe6b4,1,0.92,0.92,2.147,1,1.053,1.053,12.036,1,0.0,0.0,12.036,0,2,6,0.0,0.0,20.381,0,2, ,1,3,2,6,1,7,0.0,0.0,7.149,0,1,1,6,3,1,10,0.0,0.0,4.147,0,3,2,1,10,2,3,8,2,3,1,4,3,365,0,1,3,2,10,9,2,52,2,365,1,2,10,2,2,2,1, ,1, ,1, ,1, ,1, , ,1,118
114,9/10/2020 3:02:02,9/10/2020 3:09:45,0,100,462,1,9/10/2020 3:09:45,1,2,27,our,578f95176475d400015aa5a0,1,0.0,0.0,2.008,0,0.0,0.0,12.007,0,0.0,0.0,8.589,0,2,8,0.0,0.0,21.449,0, ,1,1,3,2,8,2,6,0.0,0.0,8.819,0,1,2,6,3,1,7,0.0,0.0,4.007,0,3,2,1,7,2,3,27,2,3,2,4,6,100,40,2,4,2,6,9,1,51,1,365,2,2,4,4,3,3, ,1, ,1, ,1, ,1,1, ,1, ,119
115,9/10/2020 3:00:01,9/10/2020 3:09:46,0,100,584,1,9/10/2020 3:09:46,1,1,30,our,558b7b06fdf99b21155f2c1b,1,0.0,0.0,2.012,0,0.0,0.0,12.107,0,0.0,0.0,12.107,0,2,8,0.0,0.0,20.128,0,1, ,1,3,2,6,2,8,0.0,0.0,7.107,0,1,2,8,3,1,8,0.0,0.0,4.006,0,3,1,1,8,2,7,24,2,9,2,6,6 months,200,48,2,6,2,6,9,2,50,1,365,1,2,6,5,4,4,1, , ,1,1, , ,1,1, ,1, ,120
116,9/10/2020 2:58:32,9/10/2020 3:09:59,0,100,686,1,9/10/2020 3:09:59,1,2,43,our,5c083bf7133f8700012f74fe,1,0.0,0.0,2.014,0,0.0,0.0,12.014,0,6.812,6.812,12.112,1,2,5,0.0,0.0,20.039,0, ,2,1,3,2,6,1,6,0.0,0.0,7.112,0,1,1,7,3,1,9,0.0,0.0,4.113,0,3,2,1,10,2,4,36,1,5,2,5,14 months,3,40,1,6,2,8,9,1,52,1,1,1,2,10,4,3,3, ,1,1, ,1, , ,1, ,1,1, ,121
117,9/10/2020 3:00:39,9/10/2020 3:10:15,0,100,576,1,9/10/2020 3:10:16,1,2,35,our,58efc0cfd6d3570001dc9c4b,1,0.0,0.0,2.017,0,0.0,0.0,12.015,0,6.315,6.315,12.015,1,2,8,0.0,0.0,20.267,0, ,1,1,3,2,8,2,8,0.0,0.0,7.009,0,1,2,8,3,2,8,0.0,0.0,4.023,0,3,1,2,8,2,8,19,2,8,2,8,24,40,26,2,8,2,8,9,1,56,1,30,1,2,8,2,2,4, ,1, ,1, ,1,1, , ,1, ,1,122
118,9/10/2020 3:02:01,9/10/2020 3:10:22,0,100,501,1,9/10/2020 3:10:22,1,1,35,our,58cc4c53efb64f0001359761,1,0.0,0.0,2.008,0,0.0,0.0,12.109,0,0.0,0.0,12.111,0,2,10,0.0,0.0,20.025,0, ,1,1,3,2,10,1,10,0.0,0.0,7.207,0,1,1,10,3,1,7,0.0,0.0,4.005,0,3,2,1,7,2,7,25,2,7,2,10,8 months,230,33,2,10,2,6,9,1,50,1,365,1,2,6,4,3,3, ,1, ,1,1, ,1, ,1, , ,1,123
119,9/10/2020 2:58:55,9/10/2020 3:10:37,0,100,701,1,9/10/2020 3:10:37,1,2,20,Our,5e1750eb1b9484000d0790dd,1,0.0,0.0,2.017,0,11.15,11.15,12.108,1,0.0,0.0,12.114,0,2,4,0.0,0.0,20.244,0, ,1,1,3,2,4,1,3,0.0,0.0,7.012,0,1,1,2,3,1,2,0.0,0.0,4.012,0,3,2,1,2,2,8,26,2,8,2,3,22 months,1 martian year,50,2,3,2,5,9,2,50,1,365,1,2,7,4,3,2, ,1, ,1, ,1,1, , ,1, ,1,124
120,9/10/2020 3:04:02,9/10/2020 3:10:48,0,100,405,1,9/10/2020 3:10:48,1,2,36,Our,5ecd4fd21c94a20976d923e4,1,0.0,0.0,2.008,0,0.0,0.0,12.109,0,0.0,0.0,12.009,0,2,7,0.0,0.0,20.334,0, ,1,1,3,2,9,2,8,0.0,0.0,7.01,0,1,2,9,3,2,8,0.0,0.0,4.007,0,3,2,2,9,1,6,21,1,8,1,4,21 weeks,365,42,1,6,2,8,9,1,54,1,365,1,2,3,3,3,3, ,1,1, ,1, ,1, , ,1, ,1,125
121,9/10/2020 3:04:13,9/10/2020 3:11:00,0,100,407,1,9/10/2020 3:11:00,1,2,45,our,55b78162fdf99b0416ce544e,1,0.0,0.0,2.014,0,0.0,0.0,12.013,0,5.802,5.802,12.112,1,1,6,0.0,0.0,20.159,0, ,2,1,3,1,5,2,7,0.0,0.0,7.112,0,1,2,7,3,2,8,0.0,0.0,4.011,0,3,2,2,7,1,7,17,1,6,1,8,9 months,233,40,1,7,2,8,9,1,52,2,1,2,2,8,2,2,2, ,1,1, ,1, , ,1, ,1,1, ,126
122,9/10/2020 3:03:20,9/10/2020 3:11:04,0,100,463,1,9/10/2020 3:11:04,1,1,36,our,5e9ffaf7e9ea4e000b76917c,1,0.0,0.0,2.014,0,0.0,0.0,12.018,0,0.0,0.0,12.008,0,1,8,0.0,0.0,20.235,0, ,2,1,3,1,8,1,8,0.0,0.0,7.112,0,1,1,8,3,1,10,0.0,0.0,4.115,0,3,1,1,10,2,8,25,2,10,1,8,12 months,400,13,1,8,2,8,9,2,50,2,365,2,2,8,3,3,3, ,1, ,1,1, , ,1, ,1,1, ,127
123,9/10/2020 3:02:31,9/10/2020 3:11:28,0,100,537,1,9/10/2020 3:11:28,1,2,48,Our,582b87a65cea230001422bd2,1,0.0,0.0,2.116,0,0.0,0.0,12.113,0,0.0,0.0,12.012,0,2,8,0.0,0.0,20.246,0, ,1,1,3,2,8,1,5,0.0,0.0,7.013,0,1,1,5,3,1,4,0.0,0.0,4.01,0,3,2,1,4,1,2,20,2,3,1,3,2 years,45,3,1,3,2,5,9,2,51,1,365,2,2,7,3,2,3, ,1,1, ,1, , ,1, ,1, ,1,128
124,9/10/2020 3:03:09,9/10/2020 3:11:30,0,100,501,1,9/10/2020 3:11:30,1,1,28,our,5bf30237157eff00013f163d,1,0.0,0.0,2.108,0,0.0,0.0,12.564,0,0.0,0.0,12.044,0,1,6,0.0,0.0,26.645,0, ,2,1,3,1,6,1,7,0.0,0.0,8.613,0,1,1,7,3,1,5,0.0,0.0,4.106,0,3,2,1,5,1,7,25,1,7,2,7,12,600,20,2,7,2,7,9,1,52,1,365,1,2,7,6,6,5, ,1, ,1, ,1, ,1,1, , ,1,129
125,9/10/2020 3:03:09,9/10/2020 3:11:32,0,100,503,1,9/10/2020 3:11:33,1,2,27,our,5c618b9f21fb620001408d79,1,0.0,0.0,2.106,0,0.0,0.0,12.044,0,0.0,0.0,12.634,0,1,10,0.0,0.0,20.204,0, ,2,1,3,1,10,1,10,0.0,0.0,7.023,0,1,1,10,3,2,10,0.0,0.0,4.007,0,3,1,2,10,1,10,27,1,10,1,10,24 months,600,45,1,10,2,10,9,1,50,1,1,2,2,10,4,1,1, ,1,1, ,1, ,1, , ,1, ,1,130
126,9/10/2020 3:01:23,9/10/2020 3:11:39,0,100,616,1,9/10/2020 3:11:40,1,2,38,Our,5c7bc8ea5a669300172440fc,1,0.0,0.0,2.008,0,0.379,7.744,12.009,3,3.003,3.003,12.108,1,2,5,0.0,0.0,20.146,0, ,1,1,3,2,7,2,10,0.0,0.0,7.009,0,1,2,10,3,2,9,0.0,0.0,4.108,0,3,2,2,9,2,4,18,2,3,2,4,12 months,200,0,2,2,2,9,9,1,54,1,365,1,2,8,4,2,2, ,1, ,1,1, , ,1, ,1,1, ,131
127,9/10/2020 3:01:29,9/10/2020 3:11:41,0,100,611,1,9/10/2020 3:11:41,1,2,21,our,5eba94d6f485e10512ff8ea5,1,0.0,0.0,2.109,0,0.0,0.0,12.108,0,0.0,0.0,12.112,0,2,10,0.0,0.0,20.143,0,2, ,1,3,2,9,2,10,0.0,0.0,7.011,0,1,2,9,3,1,7,0.0,0.0,4.012,0,3,1,2,7,1,7,20,1,8,1,5,12 months,300,30,1,5,1,10,9,1,44,1,365,1,1,10,4,3,2,1, ,1, , ,1,1, , ,1,1, ,132
128,9/10/2020 3:02:26,9/10/2020 3:11:44,0,100,558,1,9/10/2020 3:11:44,1,2,47,Our,5d1905fe4d7eea00170c3f28,1,0.0,0.0,2.107,0,0.0,0.0,12.11,0,0.0,0.0,12.008,0,2,5,0.0,0.0,20.232,0, ,1,1,3,2,5,2,10,0.0,0.0,7.007,0,1,2,10,3,2,10,0.0,0.0,4.008,0,3,1,2,10,2,1,27,2,1,1,10,2 years,400,48,1,10,2,10,9,2,50,1,365,1,2,10,3,3,4, ,1,1, , ,1,1, ,1, , ,1,133
129,9/10/2020 3:01:15,9/10/2020 3:11:54,0,100,639,1,9/10/2020 3:11:54,1,1,41,our,5c823b094c3d3f000182fc57,1,0.0,0.0,2.112,0,9.008,9.008,12.108,1,2.132,2.7,12.013,2,1,7,0.0,0.0,20.139,0,1, ,1,3,1,7,1,7,0.0,0.0,7.018,0,1,1,7,3,1,10,0.0,0.0,4.009,0,3,1,1,10,1,7,26,1,8,1,9,12 weeks,1,10,1,8,2,10,9,2,27,2,1,1,1,9,6,6,5,1, ,1, , ,1,1, , ,1, ,1,134
130,9/10/2020 3:03:39,9/10/2020 3:11:59,0,100,500,1,9/10/2020 3:11:59,1,1,27,our,5a15c2c638ed430001be885b,1,0.0,0.0,2.006,0,0.0,0.0,12.007,0,0.0,0.0,12.006,0,2,10,0.0,0.0,20.127,0, ,1,1,3,2,10,2,10,0.0,0.0,7.005,0,1,2,10,3,1,7,0.0,0.0,4.007,0,3,1,1,7,2,8,26,2,6,1,6,9 months,600,50,1,8,2,8,9,1,53,1,365,1,2,8,5,4,5, ,1, ,1, ,1,1, ,1, , ,1,135
131,9/10/2020 3:01:24,9/10/2020 3:12:04,0,100,639,1,9/10/2020 3:12:04,1,2,23,our,5bc895c9f89a3c0001ba7f36,1,0.0,0.0,2.109,0,0.0,0.0,12.008,0,0.0,0.0,12.008,0,2,9,0.0,0.0,20.127,0, ,1,1,3,2,9,1,10,0.0,0.0,7.113,0,1,1,9,3,2,9,0.0,0.0,4.007,0,3,2,2,9,2,9,26,2,9,2,9,9 months,2500,40,2,9,2,9,9,1,50,1,1,1,2,9,6,6,6, ,1,1, ,1, ,1, , ,1, ,1,136
132,9/10/2020 3:03:21,9/10/2020 3:12:06,0,100,524,1,9/10/2020 3:12:06,1,1,35,our,5a102e9dfdf6fc0001279561,1,0.0,0.0,2.007,0,0.0,0.0,12.007,0,0.0,0.0,12.008,0,2,3,0.0,0.0,20.122,0,2, ,1,3,2,3,2,8,0.0,0.0,7.006,0,1,2,8,3,1,9,0.0,0.0,4.107,0,3,2,1,9,2,9,25,2,9,1,10,18 months,7,49,1,10,2,10,9,1,50,1,1,1,2,10,3,1,2,1, , ,1,1, ,1, , ,1, ,1,137
133,9/10/2020 3:02:08,9/10/2020 3:12:23,0,100,614,1,9/10/2020 3:12:23,1,2,29,our,59a43e394d25e800012fccc6,1,0.0,0.0,2.017,0,0.0,0.0,12.116,0,0.0,0.0,12.113,0,1,8,0.0,0.0,20.046,0,1, ,1,3,1,8,2,8,0.0,0.0,7.11,0,1,1,9,3,1,5,0.0,0.0,4.017,0,3,2,1,5,1,4,28,1,4,1,6,10,9,5,1,6,2,7,9,1,40,2, ,2,2,2,5,3,5,1, , ,1, ,1,1, , ,1, ,1,139
134,9/10/2020 2:58:57,9/10/2020 3:12:24,0,100,806,1,9/10/2020 3:12:24,1,2,35,our,5ca9c2fd78037a000161046d,1,0.0,0.0,2.007,0,3.793,4.356,12.008,3,0.0,0.0,12.009,0,2,9,0.0,0.0,20.128,0,2, ,1,3,2,10,2,10,0.0,0.0,7.009,0,1,2,10,3,1,10,0.0,0.0,4.009,0,3,2,1,10,2,10,27,2,10,1,10,500,30,22,1,10,2,10,9,2,50,2,365,1,2,10,5,6,6,1, , ,1,1, , ,1, ,1, ,1,140
135,9/10/2020 3:03:44,9/10/2020 3:12:29,0,100,525,1,9/10/2020 3:12:30,1,1,34,our,5ebaa93c0f799d00084ab5d7,1,0.0,0.0,2.007,0,0.0,0.0,12.006,0,0.0,0.0,12.135,0,1,7,0.0,0.0,20.137,0,1, ,1,3,1,7,2,8,0.0,0.0,7.009,0,1,2,7,3,2,8,0.0,0.0,4.113,0,3,2,2,8,1,5,25,1,4,2,3,18 months,750,25,2,2,2,2,9,1,50,1,365,1,2,4,5,4,5,1, ,1, , ,1, ,1, ,1, ,1,141
136,9/10/2020 3:02:47,9/10/2020 3:12:31,0,100,583,1,9/10/2020 3:12:31,1,1,33,our,5e887cc52ba2ef50bdcd4d90,1,0.0,0.0,2.008,0,7.393,7.393,12.008,1,0.0,0.0,12.106,0,1,7,0.0,0.0,20.124,0, ,2,1,3,1,7,1,8,0.0,0.0,7.105,0,1,1,8,3,2,10,0.0,0.0,4.006,0,3,2,2,10,1,9,27,1,9,1,6,12,547,40,1,6,2,6,9,2,54,1,365,1,2,6,5,5,2, ,1, ,1, ,1, ,1, ,1,1, ,142
137,9/10/2020 3:04:06,9/10/2020 3:12:38,0,100,512,1,9/10/2020 3:12:39,1,2,42,Our,5af4579eb625f70001e0cfad,1,0.0,0.0,2.013,0,1.766,5.809,12.017,3,0.0,0.0,12.13,0,1,2,0.0,0.0,20.255,0,1, ,1,3,1,2,2,2,0.0,0.0,7.014,0,1,2,2,3,2,3,0.0,0.0,4.018,0,3,2,2,3,2,1,27,1,1,2,1,12 months,25,49,2,1,2,2,9,1,50,1,365,1,2,2,2,2,4,1, ,1, ,1, ,1, ,1, , ,1,143
138,9/10/2020 3:02:06,9/10/2020 3:12:39,0,100,633,1,9/10/2020 3:12:39,1,2,55,Our,5ed2443d5477a3035663a635,1,1.35,1.35,2.011,1,3.038,11.265,12.006,3,5.98,5.98,12.112,1,2,9,0.0,0.0,20.042,0, ,1,1,3,2,9,2,9,0.0,0.0,7.11,0,1,2,9,3,1,8,0.0,0.0,4.011,0,3,2,1,8,1,9,23,1,8,1,7,18months,31,50,1,7,2,10,9,2,52,1,28,2,2,10,4,4,4, ,1,1, , ,1, ,1,1, ,1, ,144
139,9/10/2020 3:03:38,9/10/2020 3:13:31,0,100,592,1,9/10/2020 3:13:31,1,2,44,our,594ee0aa7095f80001da4c4e,1,0.0,0.0,2.106,0,0.0,0.0,12.005,0,0.0,0.0,12.006,0,2,10,0.0,0.0,20.017,0,2, ,1,3,2,10,2,10,0.0,0.0,7.005,0,1,2,10,3,1,10,0.0,0.0,4.105,0,3,2,1,10,2,10,16,2,10,2,5,18 months,30,24,2,5,2,10,9,1,32,1,1,1,2,10,1,1,1,1, , ,1,1, ,1, ,1, , ,1,145
140,9/10/2020 3:03:34,9/10/2020 3:13:34,0,100,599,1,9/10/2020 3:13:34,1,1,43,our,593a605986d9d600010c766a,1,0.0,0.0,2.017,0,0.0,0.0,12.01,0,0.0,0.0,12.014,0,2,10,0.0,0.0,20.257,0,2, ,1,3,2,10,2,10,0.0,0.0,7.015,0,1,2,10,3,2,10,0.0,0.0,4.013,0,3,1,2,10,2,1,14,2,1,2,1,4 months,100,20,2,1,2,10,9,1,40,1,365,2,2,10,4,1,1,1, ,1, ,1, , ,1, ,1,1, ,146
141,9/10/2020 3:02:58,9/10/2020 3:13:34,0,100,636,1,9/10/2020 3:13:35,1,2,41,our,55747e4afdf99b6752df4183,1,0.0,0.0,2.124,0,0.0,0.0,12.02,0,0.0,0.0,12.034,0,1,7,0.0,0.0,20.208,0,1, ,1,3,1,7,2,8,0.0,0.0,7.11,0,1,2,8,3,2,8,0.0,0.0,4.034,0,3,2,2,8,1,6,18,2,6,2,8,2 years,25,50,2,8,2,9,9,2,53,1,1,2,2,8,6,5,6,1, ,1, ,1, , ,1, ,1, ,1,147
142,9/10/2020 3:03:14,9/10/2020 3:14:06,0,100,652,1,9/10/2020 3:14:07,1,2,63,our,5a81a9fb0f1bce00012201ef,1,0.0,0.0,2.111,0,0.0,0.0,12.008,0,0.0,0.0,12.106,0,2,8,0.0,0.0,20.128,0, ,1,1,3,2,8,2,10,0.0,0.0,7.007,0,1,2,10,3,1,6,0.0,0.0,4.007,0,3,2,1,6,2,6,23,2,6,1,8,3 years,700,45,1,8,2,10,9,2,50,1,365,1,2,10,5,4,5, ,1,1, , ,1, ,1,1, , ,1,148
143,9/10/2020 3:03:27,9/10/2020 3:14:11,0,100,643,1,9/10/2020 3:14:11,1,2,22,our,5d95fe287f664d0016591f9b,1,0.0,0.0,2.007,0,0.0,0.0,12.006,0,0.0,0.0,13.311,0,1,7,0.0,0.0,21.155,0, ,2,1,3,1,7,1,6,0.0,0.0,7.008,0,1,1,6,3,2,6,0.0,0.0,4.107,0,3,2,2,6,2,4,26,2,3,1,7,18 months,80,15,1,7,2,8,9,1,50,2,365,2,2,8,5,3,3, ,1,1, ,1, ,1, ,1, , ,1,149
144,9/10/2020 3:02:30,9/10/2020 3:14:28,0,100,718,1,9/10/2020 3:14:29,1,2,33,Our,5e578224e5cbf4136e8ddcfa,1,0.0,0.0,2.107,0,3.786,8.218,12.008,2,0.0,0.0,12.008,0,2,5,4.464,4.464,20.131,1,2, ,1,3,2,4,1,6,0.0,0.0,7.007,0,1,1,5,3,1,8,0.0,0.0,4.008,0,3,2,1,8,2,10,26,2,9,1,5,22,420,32,1,4,2,7,9,2,50,1,365,2,2,6,4,4,4,1, ,1, ,1, , ,1, ,1,1, ,150
145,9/10/2020 3:01:26,9/10/2020 3:14:29,0,100,782,1,9/10/2020 3:14:29,1,2,28,Our,5e9f8cd4a110f812fb6fc0ef,1,0.964,0.997,2.048,2,0.0,0.0,12.035,0,0.0,0.0,12.151,0,2,7,0.0,0.0,20.289,0,2, ,1,3,2,7,2,7,0.0,0.0,7.04,0,1,2,7,3,2,8,0.0,0.0,4.043,0,3,1,2,8,1,9,23,1,8,1,6,2 years,2 years,20,1,8,1,8,9,2,57,1,365,1,2,8,5,2,2,1, , ,1, ,1, ,1,1, ,1, ,151
146,9/10/2020 3:03:41,9/10/2020 3:14:41,0,100,660,1,9/10/2020 3:14:41,1,2,48,our,5ac4da5d68b65b00018d52f4,1,0.0,0.0,2.109,0,0.0,0.0,12.066,0,0.0,0.0,12.007,0,1,5,0.0,0.0,20.03,0, ,2,1,3,1,5,1,5,0.0,0.0,7.008,0,1,1,5,3,2,9,0.0,0.0,4.107,0,3,2,2,9,2,2,25,2,5,1,10,2 years,300,24,1,10,2,10,9,2,50,1,365,1,2,10,4,4,4, ,1,1, ,1, , ,1, ,1, ,1,152
147,9/10/2020 3:04:05,9/10/2020 3:14:53,0,100,647,1,9/10/2020 3:14:53,1,2,30,our,5a9057b96219a30001d2d8f6,1,0.0,0.0,2.107,0,0.0,0.0,13.232,0,0.0,0.0,13.795,0,2,10,0.0,0.0,20.654,0,2, ,1,3,2,10,2,10,0.0,0.0,7.096,0,1,2,10,3,2,10,0.0,0.0,4.696,0,3,2,2,10,2,10,26,2,10,2,8,12 months,30,18,2,8,2,8,9,1,50,1,365,2,2,9,3,2,2,1, , ,1,1, ,1, ,1, ,1, ,153
148,9/10/2020 3:03:12,9/10/2020 3:14:57,0,100,705,1,9/10/2020 3:14:58,1,2,31,Our,5e36965ded5a2b62bf438768,1,0.0,0.0,2.021,0,1.675,10.863,12.022,3,2.017,2.017,12.021,1,2,8,0.0,0.0,20.264,0, ,1,1,3,2,8,2,8,0.0,0.0,7.022,0,1,2,8,3,2,7,0.0,0.0,4.018,0,3,1,2,7,2,8,22,2,7,1,7,12 months,687,50,1,7,2,9,9,2,50,1,385,2,2,9,5,3,5, ,1, ,1, ,1,1, , ,1, ,1,154
149,9/10/2020 2:51:27,9/10/2020 3:14:59,0,100,1411,1,9/10/2020 3:14:59,1,2,26,our,5a5d3a6cacc75b00017a7fa6,1,0.0,0.0,2.01,0,0.0,0.0,16.319,0,0.0,0.0,17.379,0,1,5,0.0,0.0,21.845,0,1, ,1,3,1,6,2,4,0.0,0.0,10.081,0,1,1,4,3,2,6,0.0,0.0,4.007,0,3,1,2,7,1,6,17,1,8,2,7,3 months,650,30,2,8,2,4,9,1,52,2,365,2,2,7,5,4,5,1, ,1, ,1, , ,1, ,1, ,1,155
150,9/10/2020 2:58:36,9/10/2020 3:15:00,0,100,984,1,9/10/2020 3:15:00,1,2,36,our,597f57ccfc90e000011c56fe,1,0.0,0.0,2.015,0,0.0,0.0,12.015,0,0.0,0.0,12.111,0,2,4,0.0,0.0,20.156,0, ,1,1,3,2,10,1,9,0.0,0.0,7.112,0,1,1,9,3,2,10,0.0,0.0,4.012,0,3,1,2,10,2,5,26,2,5,1,5,30 months,400,40,1,5,1,7,9,2,50,1,365,1,1,9,4,4,4, ,1, ,1, ,1, ,1, ,1, ,1,156
151,9/10/2020 3:00:28,9/10/2020 3:15:01,0,100,873,1,9/10/2020 3:15:02,1,2,44,Our,5c55a56ae66e510001ee791d,1,0.0,0.0,2.022,0,0.0,0.0,12.016,0,0.0,0.0,12.11,0,2,10,0.0,0.0,20.037,0,1, ,1,3,2,10,1,10,0.0,0.0,7.009,0,1,1,10,3,2,9,0.0,0.0,4.009,0,3,2,2,9,1,5,21,1,5,2,8,12 months,6 days,50,2,8,2,10,9,2,50,1,1,2,2,10,1,1,1,1, , ,1, ,1, ,1,1, ,1, ,157
152,9/10/2020 3:02:59,9/10/2020 3:15:11,0,100,732,1,9/10/2020 3:15:12,1,2,56,our,5e9dafe6b8a8f30c1215523f,1,0.0,0.0,2.008,0,5.467,7.562,12.009,2,0.0,0.0,12.109,0,2,7,0.0,0.0,20.133,0,1, ,1,3,2,7,2,10,0.0,0.0,7.108,0,1,2,10,3,2,7,0.0,0.0,4.007,0,3,2,2,10,2,10,23,2,10,1,10,12 months,2,43,1,10,2,10,9,1,50,1,1,1,2,10,4,4,4,1, ,1, , ,1,1, , ,1,1, ,158
153,9/10/2020 3:04:08,9/10/2020 3:15:11,0,100,663,1,9/10/2020 3:15:12,1,2,38,our,5c518142242378000108790c,1,0.0,0.0,2.022,0,0.0,0.0,12.13,0,0.0,0.0,12.122,0,2,5,0.0,0.0,21.803,0, ,1,1,3,2,4,1,5,0.0,0.0,7.025,0,1,1,6,3,2,5,0.0,0.0,4.126,0,3,2,2,5,2,6,27,2,7,2,4,12 months,210,38,2,5,2,6,9,1,41,1,365,1,2,6,5,4,4, ,1,1, , ,1, ,1, ,1,1, ,159
154,9/10/2020 3:02:56,9/10/2020 3:15:15,0,100,739,1,9/10/2020 3:15:15,1,2,50,our,5a15f9a0844c7a00015e5bca,1,0.0,0.0,2.133,0,0.0,0.0,12.032,0,0.0,0.0,12.024,0,2,7,0.0,0.0,20.276,0, ,1,1,3,2,8,2,10,0.0,0.0,7.021,0,1,2,8,3,2,9,0.0,0.0,4.022,0,3,2,2,9,2,9,28,2,9,2,9,12 months,200,50,2,9,2,10,9,2,52,2,1,2,2,10,4,4,4, ,1,1, ,1, ,1, , ,1, ,1,160
155,9/10/2020 3:02:43,9/10/2020 3:15:18,0,100,754,1,9/10/2020 3:15:18,1,2,40,our,5e81ae7fce2595891c98d847,1,0.0,0.0,2.009,0,9.441,9.441,12.107,1,0.0,0.0,12.108,0,1,10,0.0,0.0,20.231,0, ,2,1,3,1,10,2,10,0.0,0.0,7.111,0,1,2,10,3,1,10,0.0,0.0,4.007,0,3,1,1,10,2,10,25,2,10,1,10,18,500,22,1,10,2,10,9,1,50,2,500,1,2,10,5,5,5, ,1,1, ,1, , ,1, ,1, ,1,161
156,9/10/2020 3:03:33,9/10/2020 3:15:28,0,100,714,1,9/10/2020 3:15:29,1,2,35,our,5dc8a1b5b1cdc26104e3f04f,1,0.0,0.0,2.007,0,0.0,0.0,12.007,0,0.0,0.0,13.652,0,1,7,0.0,0.0,20.132,0, ,2,1,3,1,7,2,4,0.0,0.0,7.007,0,1,2,3,3,1,6,0.0,0.0,4.107,0,3,2,1,6,2,4,26,2,5,1,6,11 months,520,32,1,6,2,6,9,1,52,1,365.25,1,2,6,4,2,2, ,1,1, , ,1, ,1,1, , ,1,162
157,9/10/2020 2:59:09,9/10/2020 3:15:48,0,100,998,1,9/10/2020 3:15:48,1,2,58,our,5e59307452cf7713e086b01f,1,0.0,0.0,2.109,0,0.0,0.0,12.133,0,3.377,7.094,12.111,2,2,10,14.184,14.184,20.231,1,2, ,1,3,2,10,2,10,0.0,0.0,7.009,0,1,2,10,3,2,6,0.0,0.0,4.117,0,3,2,2,6,2,6,27,2,7,2,6,2 years,500,36,2,7,2,8,9,2,50,1,365,1,2,8,4,4,4,1, , ,1, ,1,1, ,1, ,1, ,163
158,9/10/2020 3:03:04,9/10/2020 3:15:49,0,100,764,1,9/10/2020 3:15:49,1,2,32,our,5d9ae0821abbe700174a067e,1,0.0,0.0,2.01,0,4.717,6.594,12.109,2,0.0,0.0,12.11,0,1,8,0.0,0.0,20.238,0, ,2,1,3,1,8,1,7,0.0,0.0,7.009,0,1,1,7,3,1,5,0.0,0.0,4.108,0,3,2,2,5,1,6,27,1,6,1,8,21 months,550,43,1,8,2,8,9,1,50,1,365,1,2,8,2,2,2, ,1, ,1,1, ,1, ,1, ,1, ,164
159,9/10/2020 3:03:32,9/10/2020 3:15:51,0,100,739,1,9/10/2020 3:15:51,1,2,38,our,5b917dc54ef69f0001a2e74c,1,0.0,0.0,2.026,0,10.746,10.746,12.018,1,7.029,7.029,12.117,1,2,9,0.0,0.0,20.26,0,2, ,1,3,2,9,1,10,0.0,0.0,7.014,0,1,1,10,3,1,7,0.0,0.0,4.017,0,3,2,1,7,1,9,28,1,9,1,10,300,180,15,1,10,2,10,9,2,50,1,365,1,2,10,4,1,3,1, , ,1,1, ,1, ,1, ,1, ,165
160,9/10/2020 3:02:22,9/10/2020 3:15:52,0,100,810,1,9/10/2020 3:15:53,1,2,38,our,5ec38d621574561e6ad6f514,1,0.0,0.0,2.108,0,0.0,0.0,12.108,0,0.0,0.0,12.01,0,1,7,0.0,0.0,20.331,0, ,2,1,3,1,7,2,8,0.0,0.0,7.108,0,1,2,9,3,2,6,0.0,0.0,4.008,0,3,1,2,6,2,3,27,2,4,1,6,18 months,500,20,1,7,2,9,9,2,52,1,365,1,2,8,3,3,3, ,1,1, , ,1,1, ,1, ,1, ,166
161,9/10/2020 3:02:58,9/10/2020 3:16:04,0,100,785,1,9/10/2020 3:16:04,1,2,49,our,587620554254cb0001c15a23,1,0.0,0.0,2.012,0,0.0,0.0,12.008,0,0.0,0.0,12.016,0,2,9,0.0,0.0,20.229,0, ,1,1,3,2,10,1,8,0.0,0.0,7.008,0,1,1,10,3,2,10,0.0,0.0,4.012,0,3,2,2,10,1,7,27,1,7,2,3,19 months,12,54,2,3,2,9,9,2,52,1,1,2,2,9,6,4,4, ,1, ,1,1, ,1, ,1, , ,1,167
162,9/10/2020 3:04:03,9/10/2020 3:16:07,0,100,724,1,9/10/2020 3:16:08,1,2,27,our,5e53ea85373f7c01d4107e40,1,0.0,0.0,2.013,0,2.711,2.711,12.011,1,10.999,10.999,12.008,1,2,5,0.0,0.0,20.441,0, ,1,1,3,2,6,2,10,0.0,0.0,7.013,0,1,2,6,3,2,7,0.0,0.0,4.108,0,3,2,2,7,1,6,26,1,6,1,7,9months,24,18,1,7,1,7,6,1,27,2,3,2,1,6,4,4,4, ,1,1, , ,1, ,1, ,1, ,1,168
163,9/10/2020 3:02:43,9/10/2020 3:16:08,0,100,804,1,9/10/2020 3:16:08,1,2,62,our,5c129cc7ba99dc0001f0b628,1,0.0,0.0,2.008,0,0.0,0.0,12.107,0,0.0,0.0,12.007,0,2,10,0.0,0.0,20.244,0,2, ,1,3,2,10,2,10,0.0,0.0,7.016,0,1,2,10,3,2,10,0.0,0.0,4.017,0,3,2,2,10,1,3,27,1,3,1,8,10 months,520,20,1,8,2,10,9,1,50,1,365,1,2,10,4,4,4,1, , ,1, ,1,1, , ,1,1, ,169
164,9/10/2020 3:03:47,9/10/2020 3:16:36,0,100,768,1,9/10/2020 3:16:36,1,1,27,our,5bd6e4aa4ffc25000160fc8c,1,0.0,0.0,2.122,0,0.0,0.0,12.01,0,0.0,0.0,12.108,0,1,8,0.0,0.0,20.254,0, ,2,1,3,1,7,2,7,0.0,0.0,7.112,0,1,2,7,3,2,10,0.0,0.0,4.007,0,3,2,2,10,1,7,25,1,7,1,8,15,450,49,1,8,2,8,9,1,51,1,365,1,2,8,3,2,5, ,1, ,1, ,1,1, , ,1,1, ,170
165,9/10/2020 3:02:32,9/10/2020 3:16:42,0,100,849,1,9/10/2020 3:16:42,1,2,45,our,5ea000d6e849b0000814e9d5,1,0.0,0.0,2.011,0,5.614,5.614,12.009,1,9.845,9.845,12.167,1,1,6,0.0,0.0,20.267,0,1, ,1,3,1,6,2,7,0.0,0.0,7.104,0,1,2,7,3,2,10,0.0,0.0,4.109,0,3,2,2,10,1,9,25,1,9,2,10,18 months,265,5,2,10,2,10,9,1,50,1,365,1,2,10,2,2,4,1, , ,1, ,1, ,1, ,1,1, ,171
166,9/10/2020 2:52:15,9/10/2020 3:17:08,0,100,1492,1,9/10/2020 3:17:09,1,2,33,our,5be0bbff39bd3f000110d7f1,1,0.0,0.0,2.008,0,0.0,0.0,12.007,0,0.0,0.0,12.106,0,1,6,0.0,0.0,24.579,0,1, ,1,3,1,6,1,6,0.0,0.0,8.468,0,1,1,6,3,2,7,0.0,0.0,5.076,0,3,2,2,7,1,7,25,1,7,1,7,10 months,400,18,1,7,1,8,9,1,48,2,365,2,1,7,4,4,4,1, , ,1,1, ,1, ,1, ,1, ,172
167,9/10/2020 3:00:30,9/10/2020 3:17:31,0,100,1021,1,9/10/2020 3:17:32,1,2,62,Our,5d0b57b71c9a4e001a11dc6e,1,0.0,0.0,2.115,0,0.0,0.0,12.114,0,0.0,0.0,12.111,0,2,10,0.0,0.0,20.136,0,1, ,1,3,2,10,2,10,0.0,0.0,7.009,0,1,2,10,3,1,10,0.0,0.0,4.109,0,3,2,1,10,2,10,27,2,10,2,10,2 years,18 months,30,2,10,2,10,9,2,50,2,365,2,2,10,2,1,1,1, , ,1, ,1, ,1, ,1, ,1,173
168,9/10/2020 3:05:37,9/10/2020 3:17:55,0,100,738,1,9/10/2020 3:17:56,1,2,53,our,5681739dc5767f00051de427,1,0.0,0.0,2.034,0,0.0,0.0,12.03,0,8.897,8.897,14.025,1,1,10,1.985,1.985,20.533,1, ,2,1,3,1,10,2,5,0.0,0.0,7.126,0,1,2,5,3,2,8,0.0,0.0,4.131,0,3,1,2,8,1,6,26,1,6,2,7,16 months,3,97,2,7,2,9,9,1,98,1,1,1,2,9,5,5,5, ,1, ,1, ,1, ,1,1, ,1, ,174
169,9/10/2020 3:01:54,9/10/2020 3:18:02,0,100,967,1,9/10/2020 3:18:02,1,2,54,our,5c052d23f018070001f47e05,1,0.0,0.0,2.015,0,0.0,0.0,12.009,0,0.0,0.0,12.111,0,1,8,0.0,0.0,20.048,0,1, ,1,3,1,9,1,6,0.0,0.0,7.015,0,1,1,7,3,2,7,0.0,0.0,4.014,0,3,2,2,7,2,6,25,1,6,1,8,24 months,4,30,1,6,2,6,9,2,50,2,360,2,2,6,4,4,4,1, ,1, ,1, , ,1, ,1,1, ,175
170,9/10/2020 3:08:20,9/10/2020 3:18:27,0,100,606,1,9/10/2020 3:18:27,1,1,57,our,5e59982929132107a864c783,1,0.0,0.0,2.121,0,0.0,0.0,12.013,0,0.0,0.0,12.127,0,2,10,0.0,0.0,20.267,0,2, ,1,3,2,10,2,10,0.0,0.0,7.026,0,1,2,10,3,1,10,0.0,0.0,4.016,0,3,2,1,10,2,10,25,2,10,2,10,9 years,2,26,2,10,1,10,9,1,52,2,1,2,1,10,3,2,2,1, ,1, ,1, ,1, , ,1, ,1,176
171,9/10/2020 3:00:55,9/10/2020 3:19:29,0,100,1114,1,9/10/2020 3:19:29,1,2,41,our,5c483772ec38be0001b1a482,1,0.0,0.0,2.008,0,0.0,0.0,9.305,0,0.0,0.0,6.393,0,2,10,0.0,0.0,20.246,0,2, ,1,3,2,10,2,10,0.0,0.0,7.01,0,1,2,10,3,2,10,0.0,0.0,4.006,0,3,2,2,10,2,10,21,2,10,2,10,24 months,720,50,2,10,2,10,9,2,54,1,365,1,2,10,4,4,4,1, ,1, , ,1, ,1, ,1,1, ,177
172,9/10/2020 3:02:06,9/10/2020 3:20:31,0,100,1104,1,9/10/2020 3:20:31,1,2,54,our,57b71e418f963300014c8eaf,1,0.0,0.0,2.107,0,0.0,0.0,12.204,0,0.0,0.0,12.007,0,1,6,0.0,0.0,20.226,0,1, ,1,3,1,7,1,8,0.0,0.0,7.006,0,1,1,8,3,2,10,0.0,0.0,4.006,0,3,2,2,10,2,3,27,1,1,1,8,12 months,12000,6,1,9,2,10,28,2,50,2,352,1,2,10,5,3,4,1, ,1, ,1, , ,1, ,1, ,1,178
173,9/10/2020 3:14:15,9/10/2020 3:21:26,0,100,431,1,9/10/2020 3:21:26,1,2,29,wanton,5aa7aa5a4eecca0001de021a,1,0.0,0.0,2.011,0,0.914,6.223,12.009,5,0.0,0.0,12.108,0,2,10,0.0,0.0,20.032,0, ,1,1,3,2,10,2,10,0.0,0.0,7.11,0,1,2,10,3,1,6,0.0,0.0,4.006,0,3,1,1,8,2,5,24,2,5,1,8,1 year,28,50,1,9,2,6,9,1,52,2,28,1,2,5,4,5,4, ,1,1, , ,1,1, ,1, ,1, ,179
174,9/10/2020 3:01:37,9/10/2020 3:24:03,0,100,1345,1,9/10/2020 3:24:03,1,2,27,our,5cc7a12859fe510017390ba1,1,0.0,0.0,2.11,0,0.0,0.0,12.006,0,0.0,0.0,12.009,0,2,5,0.0,0.0,20.022,0, ,1,1,3,2,5,2,5,0.0,0.0,7.006,0,1,2,4,3,2,5,0.0,0.0,4.108,0,3,1,2,5,1,5,20,1,3,1,5,20,48,10,1,5,2,5,200,2,50,1,64,1,2,5,3,4,3, ,1,1, ,1, , ,1,1, , ,1,180
175,9/10/2020 3:15:20,9/10/2020 3:24:35,0,100,554,1,9/10/2020 3:24:35,1,2,24,our,5ee10d546f71560f065b4c8e,1,0.0,0.0,2.008,0,0.0,0.0,12.01,0,0.0,0.0,11.254,0,2,6,0.0,0.0,20.035,0, ,1,1,3,2,6,1,7,0.0,0.0,7.007,0,1,1,7,3,1,6,0.0,0.0,4.007,0,3,1,1,6,2,6,27,2,6,1,7,18 months,532,42,1,7,2,7,9,2,50,1,365,1,2,7,5,3,4, ,1, ,1, ,1,1, , ,1, ,1,181
176,9/10/2020 3:01:49,9/10/2020 3:31:05,0,100,1755,1,9/10/2020 3:31:05,1,2,35,Our,5d4b53208b554e00178f6383,1,0.0,0.0,2.007,0,2.035,2.035,12.111,1,3.167,3.167,12.11,1,2,8,0.0,0.0,20.333,0, ,1,1,3,2,8,2,10,0.0,0.0,7.02,0,1,2,10,3,2,10,0.0,0.0,4.11,0,3,2,2,10,2,5,17,2,4,2,5,18,160,52,2,5,2,9,9,2,52,1,365,1,2,9,3,2,2, ,1,1, , ,1,1, ,1, , ,1,182
177,9/10/2020 2:52:01,9/10/2020 3:34:34,0,100,2552,1,9/10/2020 3:34:34,1,2,39,our,5ca8ad03a1e8400001fbe68c,1,0.0,0.0,2.009,0,0.0,0.0,12.01,0,0.0,0.0,12.008,0,2,10,0.0,0.0,20.129,0, ,1,1,3,2,10,2,10,0.0,0.0,7.108,0,1,2,10,3,2,5,0.0,0.0,4.006,0,3,1,2,5,2,5,21,2,5,1,5,22,600,10,1,5,2,10,9,2,54,1,365,1,2,10,1,1,1, ,1,1, ,1, , ,1,1, , ,1,183
178,9/10/2020 3:26:36,9/10/2020 3:35:00,0,100,504,1,9/10/2020 3:35:00,1,2,19,our,5eb9459e4b52ba00081cb143,1,0.0,0.0,2.008,0,0.0,0.0,12.008,0,0.0,0.0,12.107,0,1,6,0.0,0.0,20.328,0, ,2,1,3,1,7,2,8,0.0,0.0,7.007,0,1,1,6,3,2,7,0.0,0.0,4.007,0,3,2,2,7,1,9,27,1,10,1,6,18 months,400,13,1,8,2,10,9,2,50,2,365,1,1,10,2,2,3, ,1,1, ,1, ,1, , ,1,1, ,184
179,9/10/2020 3:30:22,9/10/2020 3:37:53,0,100,450,1,9/10/2020 3:37:55,1,2,41,our,5e1ed72fb0285720462a8649,1,0.0,0.0,2.108,0,0.0,0.0,12.008,0,4.015,5.442,6.422,3,2,10,0.0,0.0,20.13,0, ,1,1,3,2,10,2,10,0.0,0.0,7.028,0,1,2,10,3,2,10,0.0,0.0,4.008,0,3,2,2,10,2,10,23,2,10,2,10,9 months,320,30,2,10,2,10,9,1,50,2,365,2,2,10,7,6,5, ,1, ,1, ,1, ,1, ,1, ,1,185
180,9/10/2020 3:45:22,9/10/2020 3:56:05,0,100,643,1,9/10/2020 3:56:06,1,2,19,Our,5e8b606ca16d8c02e6bb9347,1,0.0,0.0,2.009,0,8.9,8.929,12.11,3,0.0,0.0,12.009,0,2,9,0.0,0.0,20.14,0, ,1,1,3,2,9,2,9,0.0,0.0,7.009,0,1,2,9,3,1,9,0.0,0.0,4.007,0,3,2,1,9,2,9,22,1,9,1,9,4 months,3,45,1,9,2,9,9,2,51,1,1,2,2,9,4,4,2, ,1, ,1,1, ,1, ,1, ,1, ,186
181,9/10/2020 3:00:20,9/10/2020 3:58:43,0,100,3502,1,9/10/2020 3:58:45,1,1,41,our,5ab65a50892136000182ec8e,1,0.0,0.0,2.008,0,0.0,0.0,12.106,0,0.0,0.0,12.107,0,1,7,0.0,0.0,20.229,0, ,2,1,3,1,7,2,8,0.0,0.0,7.006,0,1,2,8,3,2,7,0.0,0.0,4.008,0,3,1,2,7,1,7,23,1,7,1,7,9,660,42,1,7,2,7,9,1,52,1,365,1,2,7,2,2,2, ,1,1, ,1, ,1, ,1, , ,1,187
